"PMN_CODE","COUNTRYCODE","MTC_CHR","GPRS_CHR","SMST_CHR","SMSO_CHR","MOC_CHR_TO_THAILAND","MOC_CHR_LOCAL","MOC_CHR_INTER","GMT_OFFSET","GPRS_MIN","GPRS_ROUND","CHARGE_TYPE","IDD_ACCESS_CODE","ROAMINGAREANUMBER"
"AAM21","46",50000,250,0,15000,92000,34000,57000,1,1,1,"0",,
"AILID","62",36000,470,0,12000,120000,21000,143000,7,1,1,"0",,
"ANTCT","599",105000,600,0,18000,110000,45000,115000,-4,0,0,"0",,
"ARETH","8216",98000,750,0,38000,115000,75000,120000,4,1,1,"0",,
"ARGNC","54",80000,400,0,12000,130000,30000,120000,4,1,1,"0",,
"ARGVO","54",80000,400,0,12000,130000,30000,120000,4,1,1,"0",,
"ARMK9","374",80000,0,0,6000,175000,33000,175000,0,1000,1000,"0",,
"AUSOT","61",39000,530,0,14000,80000,23000,78000,11,1,1,"0",,
"AUTHU","43",70000,450,0,19000,145000,37000,140000,2,1,1,"0",,
"AUTMK","43",70000,450,0,19000,145000,37000,140000,2,1,1,"0",,
"AUTON","43",70000,450,0,19000,145000,37000,140000,2,1,1,"0",,
"HNDDC","504",100000,420,0,12000,90000,32000,95000,-6,1,1,"0",,
"HRVT2","385",65000,400,0,12000,130000,30000,120000,1,1,1,"0",,
"IDNIM","62",36000,470,0,12000,120000,21000,143000,7,1,1,"0",,
"IND01","91",105000,480,0,20000,96000,47000,96000,5.3,1,1,"0",,
"IND06","91",105000,480,0,20000,96000,47000,96000,5.3,1,1,"0",,
"IND08","91",105000,480,0,20000,96000,47000,96000,5.3,1,1,"0",,
"INDAH","91",105000,480,0,20000,96000,47000,96000,5.3,1,1,"0",,
"INDAM","91",105000,480,0,20000,96000,47000,96000,5.3,1,1,"0",,
"INDBR","91",105000,480,0,20000,96000,47000,96000,5.3,1,1,"0",,
"INDDL","91",105000,480,0,20000,96000,47000,96000,5.3,1,1,"0",,
"INDGU","91",105000,480,0,20000,96000,47000,96000,5.3,1,1,"0",,
"INDHA","91",105000,480,0,20000,96000,47000,96000,5.3,1,1,"0",,
"INDHC","91",105000,480,0,20000,96000,47000,96000,5.3,1,1,"0",,
"INDHK","91",105000,480,0,20000,96000,47000,96000,5.3,1,1,"0",,
"INDHY","91",105000,480,0,20000,96000,47000,96000,5.3,1,1,"0",,
"INDIE","91",105000,480,0,20000,96000,47000,96000,5.3,1,1,"0",,
"INDIJ","91",105000,480,0,20000,96000,47000,96000,5.3,1,1,"0",,
"INDKA","91",105000,480,0,20000,96000,47000,96000,5.3,1,1,"0",,
"INDKE","91",105000,480,0,20000,96000,47000,96000,5.3,1,1,"0",,
"INDMA","91",105000,480,0,20000,96000,47000,96000,5.3,1,1,"0",,
"INDMD","91",105000,480,0,20000,96000,47000,96000,5.3,1,1,"0",,
"INDMU","91",105000,480,0,20000,96000,47000,96000,5.3,1,1,"0",,
"INDND","91",105000,480,0,20000,96000,47000,96000,5.3,1,1,"0",,
"INDPE","91",105000,480,0,20000,96000,47000,96000,5.3,1,1,"0",,
"INDPN","91",105000,480,0,20000,96000,47000,96000,5.3,1,1,"0",,
"INDPW","91",105000,480,0,20000,96000,47000,96000,5.3,1,1,"0",,
"INDRS","91",105000,480,0,20000,96000,47000,96000,5.3,1,1,"0",,
"INDTC","91",105000,480,0,20000,96000,47000,96000,5.3,1,1,"0",,
"IRLH3","353",64000,490,0,10000,132000,20000,50000,0,1,1,"0",,
"IRQOR","964",95000,500,0,15000,168000,35000,150000,3,1,1,"0",,
"ISL03","354",60000,650,0,12000,75000,25000,60000,10,1,1,"0",,
"ISLOC","13",289000,0,0,40000,265000,252000,235000,10,0,0,"0",,
"ISRHC","972",78000,640,0,31000,148000,44000,142000,2,1,1,"0",,
"ISRPL","972",78000,640,0,31000,148000,44000,142000,2,1,1,"0",,
"ITABL","39",68000,570,0,13000,126000,42000,83000,1,1,1,"0",,
"ITAGT","11",228000,570,0,15000,200000,200000,150000,1,1,1,"0",,
"ITAH3","39",68000,570,0,13000,126000,42000,83000,1,1,1,"0",,
"JPNDM","81",26000,670,0,12000,80000,26000,85000,9,1,1,"0",,
"JPNEM","81",26000,670,0,12000,80000,26000,85000,9,1,1,"0",,
"JPNKD","81",26000,670,0,12000,80000,26000,85000,9,1,1,"0",,
"KHMSC","855",48000,500,0,12000,86000,30000,91000,0,1,1,"0",,
"KORKT","82",56000,500,0,13000,75000,32000,79000,9,1,1,"0",,
"KORLU","82",56000,500,0,13000,75000,32000,79000,9,1,1,"0",,
"LGTKO","82",56000,500,0,13000,75000,32000,79000,9,1,1,"0",,
"LIETG","423",48000,570,0,13000,120000,35000,80000,1,1,1,"0",,
"MEXNC","52",91000,350,0,13000,116000,35000,98000,-5,1,1,"0",,
"MKDK8","389",95000,800,0,15000,168000,35000,150000,1,1000,1000,"0",,
"MMRVT","95",60000,40,0,12000,45000,25000,80000,6.5,1000,1000,"0",,
"MMRXY","95",0,40,0,0,0,0,0,6.5,1000,1000,"0",,
"MYSMR","60",50000,470,0,16000,76000,15000,86000,8,1,1,"0",,
"MYSSD","60",50000,470,0,16000,76000,15000,86000,8,1,1,"0",,
"NICMS","505",95000,200,0,11000,155000,36000,235000,-6,1,1,"0",,
"NICSC","505",95000,200,0,11000,155000,36000,235000,-6,1,1,"0",,
"NLDDT","31",58000,600,0,14000,99000,36000,70000,2,1000,1000,"0",,
"NLDTM","31",58000,600,0,14000,99000,36000,70000,2,1000,1000,"0",,
"NORAM","8299",275000,750,0,35000,150000,150000,150000,1,1,1,"0",,
"NORMC","8232",90000,550,0,35000,75000,70000,65000,1,1,1,"0",,
"PANDC","507",82000,500,0,21000,130000,32000,120000,-5,1000,1000,"0",,
"PERK9","51",65000,400,0,12000,130000,30000,120000,-5,1000,1000,"0",,
"PERNC","51",65000,400,0,12000,130000,30000,120000,-5,1,1,"0",,
"PHLIC","63",37000,510,0,12000,73000,12000,91000,8,1,1,"0",,
"PHLNC","63",37000,510,0,12000,73000,12000,91000,8,1,1,"0",,
"RUS28","7",58000,650,0,13000,195000,38000,170000,8,1,1,"0",,
"RUSDT","7",58000,650,0,13000,195000,38000,170000,8,1,1,"0",,
"RUSKU","7",58000,650,0,13000,195000,38000,170000,8,1,1,"0",,
"RUSST","7",58000,650,0,13000,195000,38000,170000,8,1,1,"0",,
"RUST2","7",58000,650,0,13000,195000,38000,170000,8,1,1,"0",,
"SGP3G","65",45000,300,0,12000,60000,19000,62000,8,1,1,"0",,
"SGPML","65",45000,300,0,12000,60000,19000,62000,8,1,1,"0",,
"SGPMW","65",45000,300,0,12000,60000,19000,62000,8,1,1,"0",,
"SLVDC","503",90000,450,0,9000,115000,35000,115000,-6,1,1,"0",,
"SURDC","597",58000,600,0,18000,80000,26000,80000,-3,1,1,"0",,
"SVNK7","386",95000,800,0,15000,168000,35000,150000,2,1000,1000,"0",,
"SVNK9","386",95000,800,0,15000,168000,35000,150000,2,1000,1000,"0",,
"SWEHU","46",50000,250,0,15000,92000,34000,57000,2,1,1,"0",,
"SWEMI","46",50000,250,0,15000,92000,34000,57000,2,1,1,"0",,
"SWESM","46",50000,250,0,15000,92000,34000,57000,2,1,1,"0",,
"LIEVE","423",48000,570,0,13000,120000,35000,80000,1,1,1,"0",,
"BLZ67","501",105000,260,0,14000,180000,38000,180000,-6,1,1,"0",,
"GTMTG","502",92000,500,0,12000,130000,30000,120000,-6,1,1,"0",,
"CRITC","506",90000,200,0,12000,50000,23000,50000,-6,1,1,"0",,
"PANMS","507",82000,500,0,21000,130000,32000,120000,-5,1,1,"0",,
"HTIVT","509",110000,520,0,18000,148000,38000,148000,-5,1,1,"0",,
"HTICL","509",110000,520,0,18000,148000,38000,148000,-5,1,1,"0",,
"HTIHT","509",110000,520,0,18000,148000,38000,148000,-5,1,1,"0",,
"AIACW","1264",110000,200,0,18000,148000,38000,148000,-4,1,1,"0",,
"VGBCW","1284",110000,200,0,18000,148000,38000,148000,-4,1,1,"0",,
"BMU01","1441",110000,380,0,18000,148000,38000,148000,-4,1,1,"0",,
"BMUBD","1441",110000,380,0,18000,148000,38000,148000,-4,1,1,"0",,
"GRDCW","1473",110000,200,0,18000,148000,38000,148000,-4,1,1,"0",,
"TCAIC","1649",110000,200,0,18000,148000,38000,148000,-5,1,1,"0",,
"MSRCW","1664",110000,200,0,18000,148000,38000,148000,-4,1,1,"0",,
"MNPPT","1670",65000,540,0,12000,130000,30000,120000,10,1,1,"0",,
"GUMDP","1671",65000,540,0,12000,130000,30000,120000,10,1,1,"0",,
"GUMIW","1671",65000,540,0,12000,130000,30000,120000,10,1,1,"0",,
"ASMAS","1684",110000,200,0,18000,148000,38000,148000,-11,1,1,"0",,
"VCTCW","1784",110000,200,0,18000,148000,38000,148000,-4,1,1,"0",,
"AAZVF","8216",98000,750,0,38000,115000,75000,120000,4,1,1,"0",,
"AFGAW","93",65000,350,0,20000,100000,25000,100000,4.3,1,1,"0",,
"AFGEA","93",65000,350,0,20000,100000,25000,100000,4.3,1,1,"0",,
"AFGTD","93",65000,350,0,20000,100000,25000,100000,4.3,1,1,"0",,
"AGOK9","244",95000,0,0,11000,135000,21000,175000,0,0,0,"0",,
"AIAK9","1264",110000,0,0,18000,148000,38000,148000,-4,0,0,"0",,
"ANDMA","376",38000,0,0,21000,172000,52000,172000,1,0,0,"0",,
"ANTK9","599",105000,0,0,18000,110000,45000,115000,-4,0,0,"0",,
"ARETC","971",60000,550,0,20000,92000,36000,145000,4,1,1,"0",,
"CHNCM","86",43000,320,0,12000,62000,18000,66000,8,1,1,"0",,
"CHNTD","86",43000,320,0,12000,62000,18000,66000,8,1,1,"0",,
"COLK8","57",95000,750,0,20000,240000,46000,200000,-5,1000,1000,"0",,
"TJK91","992",80000,0,0,14000,310000,39000,280000,5,0,0,"0",,
"TTODL","1868",95000,330,0,17000,155000,35000,155000,-4,1,1,"0",,
"TWNKG","886",52000,380,0,12000,59000,22000,60000,8,1,1,"0",,
"TWNTG","886",52000,380,0,12000,59000,22000,60000,8,1,1,"0",,
"TWNTM","886",52000,380,0,12000,59000,22000,60000,8,1,1,"0",,
"TWNTT","886",52000,380,0,12000,59000,22000,60000,8,1,1,"0",,
"TZACT","255",65000,400,0,12000,130000,30000,120000,3,1,1,"0",,
"UKRRS","380",75000,500,0,11000,240000,36000,220000,3,1,1,"0",,
"URYK9","598",95000,520,0,15000,168000,35000,150000,-3,1000,1000,"0",,
"USA16","1",44000,330,0,12000,92000,46000,97000,-6,1,1,"0",,
"USA23","1",44000,330,0,12000,92000,46000,97000,-6,1,1,"0",,
"USA27","1",44000,330,0,12000,92000,46000,97000,-6,1,1,"0",,
"USA31","1",44000,330,0,12000,92000,46000,97000,-6,1,1,"0",,
"USA66","8816",44000,330,0,10000,90000,45000,95000,-6,1000,1000,"0",,
"USAAT","1",44000,330,0,12000,92000,46000,97000,-6,1,1,"0",,
"USABS","1",44000,330,0,12000,92000,46000,97000,-6,1,1,"0",,
"USAD1","1",44000,330,0,12000,92000,46000,97000,-6,1,1,"0",,
"USAK4","1",44000,330,0,10000,90000,45000,95000,-6,1000,1000,"0",,
"USANC","1",44000,330,0,12000,92000,46000,97000,-6,1,1,"0",,
"USAPB","1",44000,330,0,12000,92000,46000,97000,-6,1,1,"0",,
"USARB","1",44000,330,0,12000,92000,46000,97000,-6,1,1,"0",,
"USASP","1",44000,330,0,12000,92000,46000,97000,-6,1,1,"0",,
"USAST","1",44000,330,0,12000,92000,46000,97000,-6,1,1,"0",,
"USATL","1",44000,330,0,10000,90000,45000,95000,-6,1000,1000,"0",,
"USAW0","1",44000,330,0,12000,92000,46000,97000,-6,1,1,"0",,
"USAW1","1",44000,330,0,12000,92000,46000,97000,-6,1,1,"0",,
"USAW2","1",44000,330,0,12000,92000,46000,97000,-6,1,1,"0",,
"USAW3","1",44000,330,0,12000,92000,46000,97000,-6,1,1,"0",,
"USAW4","1",44000,330,0,12000,92000,46000,97000,-6,1,1,"0",,
"USAW5","1",44000,330,0,12000,92000,46000,97000,-6,1,1,"0",,
"UZB05","998",95000,430,0,20000,240000,20000,235000,5,1,1,"0",,
"VEN01","58",102000,580,0,14000,125000,35000,180000,-4.3,1,1,"0",,
"VEND3","58",102000,580,0,14000,125000,35000,180000,-4.3,1,1,"0",,
"VENMS","58",102000,580,0,14000,125000,35000,180000,-4.3,1,1,"0",,
"TGOTL","228",65000,600,0,15000,38000,19000,125000,0,1,1,"0",,
"BRASP","55",56000,430,0,13000,114000,29000,85000,4,1,1,"0",,
"BOLTE","591",60000,300,0,10000,95000,30000,100000,-4,1,1,"0",,
"MNETM","382",95000,400,0,15000,168000,35000,150000,2,1,1,"0",,
"TUNOR","216",120000,280,0,30000,200000,105000,200000,1,1,1,"0",,
"TZAZN","255",65000,400,0,12000,130000,30000,120000,3,1,1,"0",,
"ANTTC","599",105000,0,0,18000,110000,45000,115000,-4,0,0,"0",,
"UKRAS","380",75000,500,0,11000,240000,36000,220000,3,1,1,"0",,
"KNACW","1",110000,200,0,18000,148000,38000,148000,-4,1,1,"0",,
"JAMCW","1876",110000,200,0,18000,148000,38000,148000,5,1,1,"0",,
"BRACS","55",56000,430,0,13000,114000,29000,85000,4,1,1,"0",,
"COLCO","57",95000,750,0,20000,240000,46000,200000,-5,1,1,"0",,
"AGOUT","244",95000,0,0,11000,135000,21000,175000,0,0,0,"0",,
"GHAGM","233",115000,260,0,12000,75000,25000,110000,0,1,1,"0",,
"USAUN","1",44000,330,0,12000,92000,46000,97000,-6,1,1,"0",,
"ITAWI","39",68000,570,0,13000,126000,42000,83000,1,1,1,"0",,
"CRICL","506",90000,200,0,12000,50000,23000,50000,0,1,1,"0",,
"MEXN3","52",91000,350,0,13000,116000,35000,98000,-5,1,1,"0",,
"MDGTM","261",65000,800,0,12000,130000,30000,120000,1,1,1,"0",,
"LCACW","1758",110000,200,0,18000,148000,38000,148000,-4,1,1,"0",,
"CYMCW","1345",110000,200,0,18000,148000,38000,148000,2,1,1,"0",,
"KENTK","254",100000,230,0,15000,165000,20000,135000,3,1,1,"0",,
"GINGS","224",65000,0,0,18000,175000,40000,250000,0,0,0,"0",,
"AZEAF","994",39000,620,0,8000,175000,14000,138000,4,1,1,"0",,
"SENAZ","221",65000,0,0,18000,270000,80000,270000,0,0,0,"0",,
"ANTUT","599",105000,600,0,18000,110000,45000,115000,-4,0,0,"0",,
"CIV02","225",65000,0,0,12000,130000,30000,120000,0,0,0,"0",,
"TKM02","993",80000,0,0,14000,310000,39000,280000,5,0,0,"0",,
"PRYNP","595",85000,400,0,10000,120000,32000,120000,-4,1,1,"0",,
"DMACW","1767",110000,200,0,18000,148000,38000,148000,-4,1,1,"0",,
"KGZNT","996",75000,300,0,8000,110000,25000,190000,6,1,1,"0",,
"TCACW","1649",110000,200,0,18000,148000,38000,148000,-5,1,1,"0",,
"BRARN","55",56000,430,0,13000,114000,29000,85000,4,1,1,"0",,
"ATGCW","1268",110000,200,0,18000,148000,38000,148000,-4,1,1,"0",,
"BRBCW","1246",110000,200,0,18000,148000,38000,148000,-4,1,1,"0",,
"AREDU","971",60000,550,0,20000,92000,36000,145000,4,1,1,"0",,
"AUTTR","43",70000,450,0,19000,145000,37000,140000,2,1,1,"0",,
"BHRB2","973",70000,600,0,18000,124000,34000,95000,3,1,1,"0",,
"BIHK9","387",65000,400,0,12000,130000,30000,120000,1,1000,1000,"0",,
"BRANC","55",56000,430,0,13000,114000,29000,85000,4,1,1,"0",,
"BRNBN","673",55000,500,0,17000,78000,14000,115000,8,1000,1000,"0",,
"CANMC","2",55000,330,0,13000,88000,50000,65000,-5,1,1,"0",,
"CHECF","41",48000,570,0,13000,121000,35000,81000,1,1,1,"0",,
"CHEOA","8298",275000,750,0,35000,150000,150000,150000,1,1,1,"0",,
"CHLK8","56",80000,400,0,12000,130000,30000,120000,-4,1000,1000,"0",,
"CHLTM","56",80000,400,0,12000,130000,30000,120000,-4,1,1,"0",,
"KENSA","254",100000,230,0,15000,165000,20000,135000,3,1,1,"0",,
"CYPSC","357",60000,650,0,12000,75000,25000,60000,2,1,1,"0",,
"MMROM","95",60000,60,0,12000,45000,25000,80000,6.5,1,1,"0",,
"USASB","1",44000,330,0,12000,92000,46000,97000,-6,1,1,"0",,
"USACO","1",44000,330,0,12000,92000,46000,97000,-6,1,1,"0",,
"RUSK4","7",58000,650,0,13000,195000,38000,170000,8,1,1,"0",,
"KAZ77","8",64000,650,0,6000,148000,25000,90000,6,1,1,"0",,
"SHIPS","44",56000,380,0,12000,75000,23000,63000,0,1,1,"0",,
"SWETD","46",50000,250,0,15000,92000,34000,57000,1,1,1,"0",,
"NORTD","47",27000,320,0,10000,58000,28000,40000,1,1,1,"0",,
"PERMO","51",65000,400,0,12000,130000,30000,120000,-5,1,1,"0",,
"PERN3","51",65000,400,0,12000,130000,30000,120000,-5,1,1,"0",,
"MEXMS","52",91000,350,0,13000,116000,35000,98000,-5,1,1,"0",,
"MEXIU","52",91000,350,0,13000,116000,35000,98000,-5,1,1,"0",,
"CUB01","53",65000,300,0,28000,165000,35000,165000,-4,1,1,"0",,
"ARGTM","54",80000,400,0,12000,130000,30000,120000,4,1,1,"0",,
"BRAV1","55",56000,430,0,13000,114000,29000,85000,4,1,1,"0",,
"BRAV2","55",56000,430,0,13000,114000,29000,85000,4,1,1,"0",,
"BRAV3","55",56000,430,0,13000,114000,29000,85000,4,1,1,"0",,
"BRATC","55",56000,430,0,13000,114000,29000,85000,4,1,1,"0",,
"COLTM","57",95000,750,0,20000,240000,46000,200000,-5,1,1,"0",,
"TURIS","90",78000,700,0,16000,149000,49000,140000,2,1,1,"0",,
"TURAC","90",78000,700,0,16000,149000,49000,140000,2,1,1,"0",,
"IND10","91",105000,480,0,20000,96000,47000,96000,5.3,1,1,"0",,
"IND11","91",105000,480,0,20000,96000,47000,96000,5.3,1,1,"0",,
"IND12","91",105000,480,0,20000,96000,47000,96000,5.3,1,1,"0",,
"IND14","91",105000,480,0,20000,96000,47000,96000,5.3,1,1,"0",,
"IND13","91",105000,480,0,20000,96000,47000,96000,5.3,1,1,"0",,
"IND15","91",105000,480,0,20000,96000,47000,96000,5.3,1,1,"0",,
"IND16","91",105000,480,0,20000,96000,47000,96000,5.3,1,1,"0",,
"MMRTN","95",60000,60,0,12000,45000,25000,80000,6.5,0,0,"0",,
"SSDMN","211",90000,0,0,13000,75000,25000,230000,3,0,0,"0",,
"SSDVC","211",90000,0,0,13000,75000,25000,230000,3,0,0,"0",,
"SSDGM","211",90000,0,0,13000,75000,25000,230000,3,0,0,"0",,
"MLI02","223",110000,620,0,18000,240000,50000,240000,0,1,1,"0",,
"BFACT","226",70000,200,0,13000,120000,40000,120000,0,1,1,"0",,
"TGOTC","228",65000,600,0,15000,38000,19000,125000,0,1,1,"0",,
"LBR07","231",78000,640,0,31000,148000,44000,142000,0,1,1,"0",,
"CAF03","236",65000,0,0,18000,55000,42000,55000,1,0,0,"0",,
"CMRMT","237",100000,600,0,20000,250000,35000,250000,1,1,1,"0",,
"CPVTM","238",65000,720,0,32000,230000,25000,230000,-1,1,1,"0",,
"CPVCV","238",65000,720,0,32000,230000,25000,230000,-1,1,1,"0",,
"STPST","239",80000,600,0,15000,200000,50000,200000,0,1,1,"0",,
"GNQHT","240",80000,0,0,13000,200000,35000,200000,1,0,0,"0",,
"GABCT","241",140000,120,0,13000,230000,25000,230000,1,1,1,"0",,
"CODCT","243",115000,150,0,12000,115000,45000,115000,1,1,1,"0",,
"CODSA","243",115000,150,0,12000,115000,45000,115000,1,1,1,"0",,
"CODAC","243",115000,150,0,12000,115000,45000,115000,1,1,1,"0",,
"SYCAT","248",70000,240,0,12000,90000,32000,100000,4,1,1,"0",,
"SYCCW","248",70000,240,0,12000,90000,32000,100000,4,1,1,"0",,
"MOZVC","258",60000,340,0,10000,75000,25000,125000,2,1,1,"0",,
"MOZVT","258",60000,340,0,10000,75000,25000,125000,2,1,1,"0",,
"ZMBCE","260",65000,200,0,12000,85000,25000,250000,2,1,1,"0",,
"ZMBCZ","260",65000,200,0,12000,85000,25000,250000,2,1,1,"0",,
"FRARE","262",60000,0,0,12000,75000,25000,60000,4,0,0,"0",,
"ZWEET","263",65000,600,0,12000,280000,50000,300000,2,1,1,"0",,
"ZWEN3","263",65000,600,0,12000,280000,50000,300000,2,1,1,"0",,
"NAM03","264",90000,0,0,12000,100000,23000,100000,0,0,0,"0",,
"LSOET","266",80000,280,0,12000,105000,25000,105000,2,1,1,"0",,
"ABWSE","297",110000,0,0,18000,148000,38000,148000,-4,0,0,"0",,
"ALBVF","355",60000,420,0,13000,100000,30000,130000,2,1,1,"0",,
"ALBEM","355",60000,420,0,13000,100000,30000,130000,2,1,1,"0",,
"ARMKT","374",80000,450,0,6000,175000,33000,175000,0,1,1,"0",,
"ARGCM","54",80000,400,0,12000,130000,30000,120000,4,1,1,"0",,
"CWIDC","81",26000,670,0,12000,80000,26000,85000,9,1,1,"0",,
"DEUO2","49",55000,450,0,12000,77000,39000,69000,1,1,1,"0",,
"DNKHU","45",48000,500,0,16000,105000,29000,55000,1,1,1,"0",,
"DNKMX","45",48000,500,0,16000,105000,29000,55000,1,1,1,"0",,
"ESPT2","34",78000,450,0,16000,115000,34000,75000,2,1,1,"0",,
"ESPVV","34",78000,450,0,16000,115000,34000,75000,2,1,1,"0",,
"FINES","358",38000,230,0,9000,85000,20000,75000,2,1,1,"0",,
"FINTA","358",38000,230,0,9000,85000,20000,75000,2,1,1,"0",,
"FJIVF","679",100000,350,0,16000,95000,25000,80000,0,1,1,"0",,
"FRA09","33",53000,500,0,13000,99000,33000,86000,-10,1,1,"0",,
"BLRBT","375",95000,560,0,15000,168000,35000,150000,3,1,1,"0",,
"MCOM1","377",52000,500,0,16000,220000,25000,260000,1,1,1,"0",,
"MCOM2","377",52000,500,0,16000,220000,25000,260000,1,1,1,"0",,
"UKRUT","380",75000,500,0,11000,240000,36000,220000,3,1,1,"0",,
"YUGTS","381",55000,320,0,7000,250000,32000,250000,2,1,1,"0",,
"MNEPM","382",95000,400,0,15000,168000,35000,150000,2,1,1,"0",,
"SVNVG","386",95000,800,0,15000,168000,35000,150000,2,1,1,"0",,
"MKDMM","389",95000,800,0,15000,168000,35000,150000,1,1,1,"0",,
"SVKO2","421",65000,450,0,12000,125000,24000,99000,1,1,1,"0",,
"ECUOT","593",95000,800,0,15000,168000,35000,150000,-5,1,1,"0",,
"URYTM","598",95000,520,0,15000,168000,35000,150000,-3,1,1,"0",,
"TON01","676",95000,200,0,20000,240000,46000,200000,13,1,1,"0",,
"SLBBM","677",110000,200,0,13000,148000,38000,148000,11,1,1,"0",,
"WSMDP","685",110000,200,0,18000,148000,38000,148000,13,1,1,"0",,
"WSMGS","685",110000,200,0,18000,148000,38000,148000,13,1,1,"0",,
"NCLPT","687",60000,600,0,12000,135000,50000,135000,11,1,1,"0",,
"BTNTC","975",95000,500,0,13000,85000,52000,90000,6,1,1,"0",,
"BHSBH","1242",120000,600,0,13000,250000,250000,250000,-4,1,1,"0",,
"ARGTP","54",80000,400,0,12000,130000,30000,120000,4,1,1,"0",,
"ARM01","374",80000,450,0,6000,175000,33000,175000,0,1,1,"0",,
"ARM05","374",80000,450,0,6000,175000,33000,175000,0,1,1,"0",,
"ATGK9","1268",110000,0,0,18000,148000,38000,148000,-4,0,0,"0",,
"AUSOP","61",39000,530,0,14000,80000,23000,78000,11,1,1,"0",,
"AUSTA","61",39000,530,0,14000,80000,23000,78000,11,1,1,"0",,
"AUSVF","61",39000,530,0,14000,80000,23000,78000,11,1,1,"0",,
"AUTCA","43",70000,450,0,19000,145000,37000,140000,2,1,1,"0",,
"AUTMM","43",70000,450,0,19000,145000,37000,140000,2,1,1,"0",,
"AUTPT","43",70000,450,0,19000,145000,37000,140000,2,1,1,"0",,
"AZEAC","994",39000,620,0,8000,175000,14000,138000,4,1,1,"0",,
"AZEBC","994",39000,620,0,8000,175000,14000,138000,4,1,1,"0",,
"AZEK9","994",39000,620,0,8000,175000,14000,138000,4,1,1,"0",,
"BELKO","32",54000,650,0,11000,130000,35000,95000,1,1,1,"0",,
"BELMO","32",54000,650,0,11000,130000,35000,95000,1,1,1,"0",,
"BELTB","32",54000,650,0,11000,130000,35000,95000,1,1,1,"0",,
"BGDAK","880",68000,300,0,11000,45000,28000,60000,6,1,1,"0",,
"BGDBL","880",68000,300,0,11000,45000,28000,60000,6,1,1,"0",,
"BGDGP","880",68000,300,0,11000,45000,28000,60000,6,1,1,"0",,
"BGDWT","880",68000,300,0,11000,45000,28000,60000,6,1,1,"0",,
"BGR01","359",73000,580,0,13000,114000,21000,90000,2,1,1,"0",,
"BGRCM","359",73000,580,0,13000,114000,21000,90000,2,1,1,"0",,
"BHRBT","973",70000,600,0,18000,124000,34000,95000,3,1,1,"0",,
"BHRMV","973",70000,600,0,18000,124000,34000,95000,3,1,1,"0",,
"BIHER","387",65000,400,0,12000,130000,30000,120000,1,1,1,"0",,
"BLR02","375",95000,560,0,15000,168000,35000,150000,3,1,1,"0",,
"BLRMD","375",95000,560,0,15000,168000,35000,150000,3,1,1,"0",,
"BOLK9","591",60000,300,0,10000,95000,30000,100000,-4,1,1,"0",,
"BOLME","591",60000,300,0,10000,95000,30000,100000,-4,1,1,"0",,
"BRACL","55",56000,430,0,13000,114000,29000,85000,4,1,1,"0",,
"BRAK1","55",56000,430,0,13000,114000,29000,85000,4,1,1,"0",,
"BRAK2","55",56000,430,0,13000,114000,29000,85000,4,1,1,"0",,
"BRAK3","55",56000,430,0,13000,114000,29000,85000,4,1,1,"0",,
"BRBK9","1246",110000,0,0,18000,148000,38000,148000,-4,0,0,"0",,
"BRNBR","673",55000,500,0,17000,78000,14000,115000,8,1,1,"0",,
"BRNDS","673",55000,500,0,17000,78000,14000,115000,8,1,1,"0",,
"BTNBM","975",95000,500,0,13000,85000,52000,90000,6,1,1,"0",,
"CAFK9","236",65000,0,0,18000,55000,42000,55000,0,0,0,"0",,
"CANBM","1",55000,330,0,13000,88000,50000,65000,-5,1,1,"0",,
"CANRW","1",55000,330,0,13000,88000,50000,65000,-5,1,1,"0",,
"CANTS","1",55000,330,0,13000,88000,50000,65000,-5,1,1,"0",,
"FRAF4","590",50000,0,0,15000,165000,34000,165000,-10,0,0,"0",,
"GBRCA","44",56000,380,0,12000,75000,23000,63000,0,1,1,"0",,
"GBRMS","44",56000,380,0,12000,75000,23000,63000,0,1,1,"0",,
"CHEC1","41",48000,570,0,13000,121000,35000,81000,1,1,1,"0",,
"CHEDX","41",48000,570,0,13000,121000,35000,81000,1,1,1,"0",,
"CHEK7","41",48000,0,0,13000,121000,35000,81000,1,1,1,"0",,
"CHEOR","41",48000,570,0,13000,121000,35000,81000,1,1,1,"0",,
"CHLMV","56",80000,400,0,12000,130000,30000,120000,-4,1,1,"0",,
"CHNCT","86",43000,320,0,12000,62000,18000,66000,8,1,1,"0",,
"CHNCU","86",43000,320,0,12000,62000,18000,66000,8,1,1,"0",,
"CIVK9","225",65000,0,0,12000,130000,30000,120000,0,0,0,"0",,
"CIVTL","225",65000,0,0,12000,130000,30000,120000,0,0,0,"0",,
"COKTC","682",68000,300,0,16000,155000,52000,135000,-10,1,1,"0",,
"COLCM","57",95000,750,0,20000,240000,46000,200000,-5,1,1,"0",,
"COLK9","57",95000,750,0,20000,240000,46000,200000,-5,1,1,"0",,
"CRIK9","506",90000,0,0,12000,50000,23000,50000,0,0,0,"0",,
"CYMK9","1345",110000,0,0,18000,148000,38000,148000,2,0,0,"0",,
"CYPCT","357",60000,650,0,12000,75000,25000,60000,2,1,1,"0",,
"CYPK9","357",60000,650,0,12000,75000,25000,60000,2,1,1,"0",,
"CZECM","420",62000,500,0,13000,210000,31000,142000,1,1,1,"0",,
"CZEET","420",62000,500,0,13000,210000,31000,142000,1,1,1,"0",,
"CZERM","420",62000,500,0,13000,210000,31000,142000,1,1,1,"0",,
"DEUD1","49",55000,450,0,12000,77000,39000,69000,1,1,1,"0",,
"DEUD2","49",55000,450,0,12000,77000,39000,69000,1,1,1,"0",,
"DEUE1","49",55000,450,0,12000,77000,39000,69000,1,1,1,"0",,
"DEUE2","49",55000,450,0,12000,77000,39000,69000,1,1,1,"0",,
"DMAK9","1767",110000,0,0,18000,148000,38000,148000,-4,0,0,"0",,
"DNKDM","45",48000,500,0,16000,105000,29000,55000,1,1,1,"0",,
"DNKIA","45",48000,500,0,16000,105000,29000,55000,1,1,1,"0",,
"DNKTD","45",48000,500,0,16000,105000,29000,55000,1,1,1,"0",,
"DOMCL","1809",80000,330,0,12000,130000,30000,120000,-4,1,1,"0",,
"ECUPG","593",95000,800,0,15000,168000,35000,150000,-5,1,1,"0",,
"EGYAR","20",88000,670,0,14000,151000,32000,137000,2,1,1,"0",,
"EGYMS","20",88000,670,0,14000,151000,32000,137000,2,1,1,"0",,
"ESPAT","34",78000,450,0,16000,115000,34000,75000,2,1,1,"0",,
"ESPRT","34",78000,450,0,16000,115000,34000,75000,2,1,1,"0",,
"ESPTE","34",78000,450,0,16000,115000,34000,75000,2,1,1,"0",,
"ESPXF","34",78000,450,0,16000,115000,34000,75000,2,1,1,"0",,
"ESTEM","372",65000,400,0,12000,130000,30000,120000,2,1,1,"0",,
"ESTRB","372",65000,400,0,12000,130000,30000,120000,2,1,1,"0",,
"ESTRE","372",65000,400,0,12000,130000,30000,120000,2,1,1,"0",,
"ETH01","251",82000,0,0,25000,128000,35000,155000,3,0,0,"0",,
"FIN2G","358",38000,230,0,9000,85000,20000,75000,2,1,1,"0",,
"FINAM","358",38000,230,0,9000,85000,20000,75000,2,1,1,"0",,
"FINRL","358",38000,230,0,9000,85000,20000,75000,2,1,1,"0",,
"FINTF","358",38000,230,0,9000,85000,20000,75000,2,1,1,"0",,
"FJIDP","679",100000,350,0,16000,95000,25000,80000,0,1,1,"0",,
"FJIK9","679",100000,350,0,16000,95000,25000,80000,0,1,1,"0",,
"FRAF1","33",53000,500,0,13000,99000,33000,86000,-10,1,1,"0",,
"FRAF2","33",53000,500,0,13000,99000,33000,86000,-10,1,1,"0",,
"FRAF3","33",53000,500,0,13000,99000,33000,86000,-10,1,1,"0",,
"FRATK","33",50000,500,0,15000,165000,34000,165000,-10,1,1,"0",,
"FROFT","298",65000,260,0,12000,130000,30000,120000,0,1,1,"0",,
"GBRAJ","44",60000,380,0,12000,115000,25000,85000,0,1,1,"0",,
"GBRCN","44",56000,380,0,12000,75000,23000,63000,0,1,1,"0",,
"GBRGT","44",65000,380,0,12000,130000,30000,120000,0,1,1,"0",,
"GBRHU","44",56000,380,0,12000,75000,23000,63000,0,1,1,"0",,
"GBRJT","44",60000,380,0,12000,115000,25000,85000,0,1,1,"0",,
"GBRME","44",56000,380,0,12000,75000,23000,63000,0,1,1,"0",,
"GBRMT","44",60000,380,0,12000,75000,25000,60000,0,1,1,"0",,
"GBROR","44",56000,380,0,12000,75000,23000,63000,0,1,1,"0",,
"GBRVF","44",56000,380,0,12000,75000,23000,63000,0,1,1,"0",,
"GEOGC","995",60000,650,0,12000,115000,25000,115000,4,1,1,"0",,
"GEOMA","995",60000,650,0,12000,115000,25000,115000,4,1,1,"0",,
"GHAK9","233",115000,260,0,12000,75000,25000,110000,0,1,1,"0",,
"GHASC","233",115000,260,0,12000,75000,25000,110000,0,1,1,"0",,
"GHAZN","233",115000,260,0,12000,75000,25000,110000,0,1,1,"0",,
"GIBGT","350",60000,650,0,12000,75000,25000,60000,2,1,1,"0",,
"GINK9","224",65000,0,0,18000,175000,40000,250000,0,0,0,"0",,
"GMBQC","220",72000,200,0,31000,115000,39000,115000,0,1,1,"0",,
"GRCCO","30",65000,430,0,13000,89000,23000,62000,3,1,1,"0",,
"GRCPF","30",65000,430,0,13000,89000,23000,62000,3,1,1,"0",,
"GRCSH","30",65000,430,0,13000,89000,23000,62000,3,1,1,"0",,
"GRDK9","1473",110000,0,0,18000,148000,38000,148000,-4,0,0,"0",,
"GRLTG","299",60000,400,0,12000,65000,20000,250000,-3,1,1,"0",,
"GTMSC","502",92000,500,0,12000,130000,30000,120000,-6,1,1,"0",,
"GUMHT","1671",65000,540,0,12000,130000,30000,120000,10,1,1,"0",,
"GUYK9","592",110000,600,0,16000,135000,35000,135000,0,0,0,"0",,
"HKGH3","852",34000,550,0,16000,71000,13000,77000,8,1,1,"0",,
"HKGHT","852",34000,550,0,16000,71000,13000,77000,8,1,1,"0",,
"HKGM3","852",34000,550,0,16000,71000,13000,77000,8,1,1,"0",,
"HKGMC","852",34000,550,0,16000,71000,13000,77000,8,1,1,"0",,
"HKGPP","852",34000,550,0,16000,71000,13000,77000,8,1,1,"0",,
"HKGSM","852",34000,550,0,16000,71000,13000,77000,8,1,1,"0",,
"HKGTC","852",34000,550,0,16000,71000,13000,77000,8,1,1,"0",,
"HNDME","504",100000,420,0,12000,90000,32000,95000,-6,1,1,"0",,
"HRVCN","385",65000,400,0,12000,130000,30000,120000,1,1,1,"0",,
"HRVVI","385",65000,400,0,12000,130000,30000,120000,1,1,1,"0",,
"HUNH1","36",60000,900,0,10000,112000,20000,65000,3,1,1,"0",,
"HUNH2","36",60000,900,0,10000,112000,20000,65000,3,1,1,"0",,
"HUNVR","36",60000,900,0,10000,112000,20000,65000,3,1,1,"0",,
"IDN89","62",36000,470,0,12000,120000,21000,143000,7,1,1,"0",,
"IDNEX","62",36000,470,0,12000,120000,21000,143000,7,1,1,"0",,
"IDNLT","62",36000,470,0,12000,120000,21000,143000,7,1,1,"0",,
"IDNSL","62",36000,470,0,12000,120000,21000,143000,7,1,1,"0",,
"IDNTS","62",36000,470,0,12000,120000,21000,143000,7,1,1,"0",,
"IND02","91",105000,480,0,20000,96000,47000,96000,5.3,1,1,"0",,
"IND03","91",105000,480,0,20000,96000,47000,96000,5.3,1,1,"0",,
"IND04","91",105000,480,0,20000,96000,47000,96000,5.3,1,1,"0",,
"IND05","91",105000,480,0,20000,96000,47000,96000,5.3,1,1,"0",,
"IND07","91",105000,480,0,20000,96000,47000,96000,5.3,1,1,"0",,
"IND09","91",105000,480,0,20000,96000,47000,96000,5.3,1,1,"0",,
"IND17","91",105000,480,0,20000,96000,47000,96000,5.3,1,1,"0",,
"IND18","91",105000,480,0,20000,96000,47000,96000,5.3,1,1,"0",,
"IND19","91",105000,480,0,20000,96000,47000,96000,5.3,1,1,"0",,
"IND20","91",105000,480,0,20000,96000,47000,96000,5.3,1,1,"0",,
"IND21","91",105000,480,0,20000,96000,47000,96000,5.3,1,1,"0",,
"IND22","91",105000,480,0,20000,96000,47000,96000,5.3,1,1,"0",,
"IND23","91",105000,480,0,20000,96000,47000,96000,5.3,1,1,"0",,
"IND24","91",105000,480,0,20000,96000,47000,96000,5.3,1,1,"0",,
"IND25","91",105000,480,0,20000,96000,47000,96000,5.3,1,1,"0",,
"IND26","91",105000,480,0,20000,96000,47000,96000,5.3,1,1,"0",,
"IND27","91",105000,480,0,20000,96000,47000,96000,5.3,1,1,"0",,
"IND28","91",105000,480,0,20000,96000,47000,96000,5.3,1,1,"0",,
"IND29","91",105000,480,0,20000,96000,47000,96000,5.3,1,1,"0",,
"INDA1","91",105000,480,0,20000,96000,47000,96000,5.3,1,1,"0",,
"INDA2","91",105000,480,0,20000,96000,47000,96000,5.3,1,1,"0",,
"INDA3","91",105000,480,0,20000,96000,47000,96000,5.3,1,1,"0",,
"INDA4","91",105000,480,0,20000,96000,47000,96000,5.3,1,1,"0",,
"INDA5","91",105000,480,0,20000,96000,47000,96000,5.3,1,1,"0",,
"INDA6","91",105000,480,0,20000,96000,47000,96000,5.3,1,1,"0",,
"INDA7","91",105000,480,0,20000,96000,47000,96000,5.3,1,1,"0",,
"INDA8","91",105000,480,0,20000,96000,47000,96000,5.3,1,1,"0",,
"INDA9","91",105000,480,0,20000,96000,47000,96000,5.3,1,1,"0",,
"INDAC","91",105000,480,0,20000,96000,47000,96000,5.3,1,1,"0",,
"INDAT","91",105000,480,0,20000,96000,47000,96000,5.3,1,1,"0",,
"INDB1","91",105000,480,0,20000,96000,47000,96000,5.3,1,1,"0",,
"INDBI","91",105000,480,0,20000,96000,47000,96000,5.3,1,1,"0",,
"INDBK","91",105000,480,0,20000,96000,47000,96000,5.3,1,1,"0",,
"INDBL","91",105000,480,0,20000,96000,47000,96000,5.3,1,1,"0",,
"INDBM","91",105000,480,0,20000,96000,47000,96000,5.3,1,1,"0",,
"INDBO","91",105000,480,0,20000,96000,47000,96000,5.3,1,1,"0",,
"INDBT","91",105000,480,0,20000,96000,47000,96000,5.3,1,1,"0",,
"INDCC","91",105000,480,0,20000,96000,47000,96000,5.3,1,1,"0",,
"INDE1","91",105000,480,0,20000,96000,47000,96000,5.3,1,1,"0",,
"INDEH","91",105000,480,0,20000,96000,47000,96000,5.3,1,1,"0",,
"INDEK","91",105000,480,0,20000,96000,47000,96000,5.3,1,1,"0",,
"INDEU","91",105000,480,0,20000,96000,47000,96000,5.3,1,1,"0",,
"INDF1","91",105000,480,0,20000,96000,47000,96000,5.3,1,1,"0",,
"INDH1","91",105000,480,0,20000,96000,47000,96000,5.3,1,1,"0",,
"INDHM","91",105000,480,0,20000,96000,47000,96000,5.3,1,1,"0",,
"INDIB","91",105000,480,0,20000,96000,47000,96000,5.3,1,1,"0",,
"INDID","91",105000,480,0,20000,96000,47000,96000,5.3,1,1,"0",,
"INDIH","91",105000,480,0,20000,96000,47000,96000,5.3,1,1,"0",,
"INDIK","91",105000,480,0,20000,96000,47000,96000,5.3,1,1,"0",,
"INDIM","91",105000,480,0,20000,96000,47000,96000,5.3,1,1,"0",,
"INDIO","91",105000,480,0,20000,96000,47000,96000,5.3,1,1,"0",,
"INDIR","91",105000,480,0,20000,96000,47000,96000,5.3,1,1,"0",,
"INDIT","91",105000,480,0,20000,96000,47000,96000,5.3,1,1,"0",,
"INDIU","91",105000,480,0,20000,96000,47000,96000,5.3,1,1,"0",,
"INDIW","91",105000,480,0,20000,96000,47000,96000,5.3,1,1,"0",,
"INDJB","91",105000,480,0,20000,96000,47000,96000,5.3,1,1,"0",,
"INDJH","91",105000,480,0,20000,96000,47000,96000,5.3,1,1,"0",,
"INDMB","91",105000,480,0,20000,96000,47000,96000,5.3,1,1,"0",,
"INDMP","91",105000,480,0,20000,96000,47000,96000,5.3,1,1,"0",,
"INDMT","91",105000,480,0,20000,96000,47000,96000,5.3,1,1,"0",,
"INDRC","91",105000,480,0,20000,96000,47000,96000,5.3,1,1,"0",,
"INDRM","91",105000,480,0,20000,96000,47000,96000,5.3,1,1,"0",,
"INDSC","91",105000,480,0,20000,96000,47000,96000,5.3,1,1,"0",,
"INDSK","91",105000,480,0,20000,96000,47000,96000,5.3,1,1,"0",,
"INDSP","91",105000,480,0,20000,96000,47000,96000,5.3,1,1,"0",,
"INDT0","91",105000,480,0,20000,96000,47000,96000,5.3,1,1,"0",,
"INDT1","91",105000,480,0,20000,96000,47000,96000,5.3,1,1,"0",,
"INDT2","91",105000,480,0,20000,96000,47000,96000,5.3,1,1,"0",,
"INDT3","91",105000,480,0,20000,96000,47000,96000,5.3,1,1,"0",,
"INDT4","91",105000,480,0,20000,96000,47000,96000,5.3,1,1,"0",,
"INDT5","91",105000,480,0,20000,96000,47000,96000,5.3,1,1,"0",,
"INDT6","91",105000,480,0,20000,96000,47000,96000,5.3,1,1,"0",,
"INDT7","91",105000,480,0,20000,96000,47000,96000,5.3,1,1,"0",,
"INDT8","91",105000,480,0,20000,96000,47000,96000,5.3,1,1,"0",,
"INDT9","91",105000,480,0,20000,96000,47000,96000,5.3,1,1,"0",,
"INDTB","91",105000,480,0,20000,96000,47000,96000,5.3,1,1,"0",,
"INDTD","91",105000,480,0,20000,96000,47000,96000,5.3,1,1,"0",,
"INDTG","91",105000,480,0,20000,96000,47000,96000,5.3,1,1,"0",,
"INDTH","91",105000,480,0,20000,96000,47000,96000,5.3,1,1,"0",,
"INDTK","91",105000,480,0,20000,96000,47000,96000,5.3,1,1,"0",,
"INDTM","91",105000,480,0,20000,96000,47000,96000,5.3,1,1,"0",,
"INDTO","91",105000,480,0,20000,96000,47000,96000,5.3,1,1,"0",,
"INDTP","91",105000,480,0,20000,96000,47000,96000,5.3,1,1,"0",,
"INDTR","91",105000,480,0,20000,96000,47000,96000,5.3,1,1,"0",,
"INDWB","91",105000,480,0,20000,96000,47000,96000,5.3,1,1,"0",,
"IRLDF","353",64000,490,0,10000,132000,20000,50000,0,1,1,"0",,
"IRLEC","353",64000,490,0,10000,132000,20000,50000,0,1,1,"0",,
"IRLME","353",64000,490,0,10000,132000,20000,50000,0,1,1,"0",,
"IRN11","98",60000,130,0,12000,75000,25000,60000,4.3,1,1,"0",,
"IRNKI","98",60000,130,0,12000,75000,25000,60000,4.3,1,1,"0",,
"IRNMI","98",60000,130,0,12000,75000,25000,60000,4.3,1,1,"0",,
"IRQAT","964",95000,500,0,15000,168000,35000,150000,3,1,1,"0",,
"ISLPS","354",60000,650,0,12000,75000,25000,60000,10,1,1,"0",,
"ISLTL","354",60000,650,0,12000,75000,25000,60000,10,1,1,"0",,
"ISR01","9726",78000,640,0,31000,148000,44000,142000,2,1,1,"0",,
"ISRCL","9726",78000,640,0,31000,148000,44000,142000,2,1,1,"0",,
"ITAOM","39",68000,570,0,13000,126000,42000,83000,1,1,1,"0",,
"ITASI","39",68000,570,0,13000,126000,42000,83000,1,1,1,"0",,
"JAMDC","1876",110000,200,0,18000,148000,38000,148000,5,1,1,"0",,
"JAMK9","1876",110000,0,0,18000,148000,38000,148000,5,0,0,"0",,
"JORFL","962",77000,740,0,15000,115000,44000,97000,3,1,1,"0",,
"JORMC","962",77000,740,0,15000,115000,44000,97000,3,1,1,"0",,
"JORUM","962",77000,740,0,15000,115000,44000,97000,3,1,1,"0",,
"JPNDO","81",26000,670,0,12000,80000,26000,85000,9,1,1,"0",,
"JPNJP","81",26000,670,0,12000,80000,26000,85000,9,1,1,"0",,
"KAZKT","7",64000,650,0,6000,148000,25000,90000,6,1,1,"0",,
"KAZKZ","7",64000,650,0,6000,148000,25000,90000,6,1,1,"0",,
"KENEC","254",100000,230,0,15000,165000,20000,135000,3,1,1,"0",,
"KENK8","254",100000,230,0,15000,165000,20000,135000,3,1,1,"0",,
"KENK9","254",100000,230,0,15000,165000,20000,135000,3,1,1,"0",,
"KENKC","254",100000,230,0,15000,165000,20000,135000,3,1,1,"0",,
"KGZK8","996",75000,0,0,8000,110000,25000,190000,6,0,0,"0",,
"KGZMC","996",75000,300,0,8000,110000,25000,190000,6,1,1,"0",,
"KHMCC","855",48000,500,0,12000,86000,30000,91000,0,1,1,"0",,
"KHMGM","855",48000,500,0,12000,86000,30000,91000,0,1,1,"0",,
"KHML1","855",48000,500,0,12000,86000,30000,91000,0,1,1,"0",,
"KHMSH","855",48000,500,0,12000,86000,30000,91000,0,1,1,"0",,
"KHMSM","855",48000,500,0,12000,86000,30000,91000,0,1,1,"0",,
"KHMST","855",48000,500,0,12000,86000,30000,91000,0,1,1,"0",,
"KHMVC","855",48000,500,0,12000,86000,30000,91000,0,1,1,"0",,
"KNAK9","1",110000,0,0,18000,148000,38000,148000,-4,0,0,"0",,
"KORKF","82",56000,500,0,13000,75000,32000,79000,9,1,1,"0",,
"KORSK","82",56000,500,0,13000,75000,32000,79000,9,1,1,"0",,
"KWTKT","965",70000,740,0,22000,157000,39000,145000,3,1,1,"0",,
"KWTMT","965",70000,740,0,22000,157000,39000,145000,3,1,1,"0",,
"KWTNM","965",70000,740,0,22000,157000,39000,145000,3,1,1,"0",,
"LAOAS","856",26000,420,0,17000,32000,16000,46000,7,1,1,"0",,
"LAOET","856",26000,420,0,17000,32000,16000,46000,7,1,1,"0",,
"LAOTC","856",26000,420,0,17000,32000,16000,46000,7,1,1,"0",,
"LAOTL","856",26000,420,0,17000,32000,16000,46000,7,1,1,"0",,
"LBNFL","961",40000,650,0,15000,40000,25000,40000,2,1,1,"0",,
"LBNLC","961",40000,650,0,15000,40000,25000,40000,2,1,1,"0",,
"LCAK9","1758",110000,0,0,18000,148000,38000,148000,-4,0,0,"0",,
"LIEMK","423",48000,570,0,13000,120000,35000,80000,1,1,1,"0",,
"LKA71","94",58000,200,0,11000,130000,15000,140000,5.3,1,1,"0",,
"LKAAT","94",58000,200,0,11000,130000,15000,140000,5.3,1,1,"0",,
"LKACT","94",58000,200,0,11000,130000,15000,140000,5.3,1,1,"0",,
"LKADG","94",58000,200,0,11000,130000,15000,140000,5.3,1,1,"0",,
"LKAHT","94",58000,200,0,11000,130000,15000,140000,5.3,1,1,"0",,
"LTU03","370",95000,800,0,15000,168000,35000,150000,3,1,1,"0",,
"LTUMT","370",95000,800,0,15000,168000,35000,150000,3,1,1,"0",,
"LTUOM","370",95000,800,0,15000,168000,35000,150000,3,1,1,"0",,
"LUXPT","352",60000,650,0,12000,75000,25000,60000,2,1,1,"0",,
"LUXTG","352",60000,650,0,12000,75000,25000,60000,2,1,1,"0",,
"LVABC","371",60000,200,0,11000,120000,15000,110000,2,1,1,"0",,
"LVABT","371",60000,200,0,11000,120000,15000,110000,2,1,1,"0",,
"LVALM","371",60000,200,0,11000,120000,15000,110000,2,1,1,"0",,
"MACCT","853",48000,650,0,16000,60000,16000,48000,8,1,1,"0",,
"MACHT","853",48000,650,0,16000,60000,16000,48000,8,1,1,"0",,
"MACSM","853",48000,650,0,16000,60000,16000,48000,8,1,1,"0",,
"MARM1","212",115000,650,0,20000,240000,70000,200000,0,1,1,"0",,
"MCOK9","377",52000,0,0,16000,220000,25000,260000,1,1,1,"0",,
"MDAK9","373",45000,250,0,6000,148000,18000,170000,3,1,1,"0",,
"MDAMC","373",45000,250,0,6000,148000,18000,170000,3,1,1,"0",,
"MDGAN","261",65000,800,0,12000,130000,30000,120000,1,1,1,"0",,
"MDGCO","261",65000,800,0,12000,130000,30000,120000,1,1,1,"0",,
"MDGK9","261",65000,800,0,12000,130000,30000,120000,1,1,1,"0",,
"MDV01","960",56000,510,0,17000,95000,13000,120000,5,1,1,"0",,
"MDVWM","960",56000,510,0,17000,95000,13000,120000,5,1,1,"0",,
"MEXK9","52",91000,350,0,13000,116000,35000,98000,-5,1,1,"0",,
"MEXTL","52",91000,350,0,13000,116000,35000,98000,-5,1,1,"0",,
"MKDNO","389",95000,800,0,15000,168000,35000,150000,1,1,1,"0",,
"MLTGO","356",95000,500,0,15000,168000,35000,150000,1,1,1,"0",,
"MLTTL","356",95000,500,0,15000,168000,35000,150000,1,1,1,"0",,
"MMRPT","95",60000,60,0,12000,45000,25000,80000,6.5,1,1,"0",,
"MNEK8","382",95000,400,0,15000,168000,35000,150000,2,1,1,"0",,
"MNEK9","382",95000,400,0,15000,168000,35000,150000,2,1,1,"0",,
"MNEMT","382",95000,400,0,15000,168000,35000,150000,2,1,1,"0",,
"MNGMC","976",95000,800,0,15000,168000,35000,150000,8,1,1,"0",,
"MNGMN","976",95000,800,0,15000,168000,35000,150000,8,1,1,"0",,
"MOZ01","258",60000,340,0,10000,75000,25000,125000,2,1,1,"0",,
"MSRK9","1664",110000,0,0,18000,148000,38000,148000,-4,0,0,"0",,
"MUSCP","230",95000,650,0,16000,95000,25000,95000,4,1,1,"0",,
"MUSEM","230",95000,650,0,16000,95000,25000,95000,4,1,1,"0",,
"MWICT","265",105000,200,0,12000,120000,40000,120000,0,1,1,"0",,
"MYSBC","60",50000,470,0,16000,76000,15000,86000,8,1,1,"0",,
"MYSCC","60",50000,470,0,16000,76000,15000,86000,8,1,1,"0",,
"MYSMI","60",50000,470,0,16000,76000,15000,86000,8,1,1,"0",,
"MYSMT","60",50000,470,0,16000,76000,15000,86000,8,1,1,"0",,
"NAMK9","264",90000,0,0,12000,100000,23000,100000,0,0,0,"0",,
"NGAET","234",90000,500,0,14000,70000,20000,130000,1,1,1,"0",,
"NGAMN","234",90000,500,0,14000,70000,20000,130000,1,1,1,"0",,
"NICEN","505",95000,200,0,11000,155000,36000,235000,-6,1,1,"0",,
"NLDLT","31",58000,600,0,14000,99000,36000,70000,2,1,1,"0",,
"NLDPN","31",58000,600,0,14000,99000,36000,70000,2,1,1,"0",,
"NLDPT","31",58000,600,0,14000,99000,36000,70000,2,1,1,"0",,
"NORNC","47",27000,320,0,10000,58000,28000,40000,1,1,1,"0",,
"NORNN","47",27000,320,0,10000,58000,28000,40000,1,1,1,"0",,
"NORTM","47",27000,320,0,10000,58000,28000,40000,1,1,1,"0",,
"NPLM2","977",60000,400,0,9000,55000,22000,50000,5.45,1,1,"0",,
"NPLNM","977",60000,400,0,9000,55000,22000,50000,5.45,1,1,"0",,
"NZLBS","64",49000,500,0,12000,90000,21000,79000,12,1,1,"0",,
"NZLNH","64",49000,500,0,12000,90000,21000,79000,12,1,1,"0",,
"NZLTM","64",49000,500,0,12000,90000,21000,79000,12,1,1,"0",,
"OMNGT","968",102000,390,0,16000,139000,42000,135000,4,1,1,"0",,
"OMNNT","968",102000,390,0,16000,139000,42000,135000,4,1,1,"0",,
"PAKMK","92",55000,320,0,10000,39000,19000,42000,5,1,1,"0",,
"PAKPL","92",55000,320,0,10000,39000,19000,42000,5,1,1,"0",,
"PAKTP","92",55000,320,0,10000,39000,19000,42000,5,1,1,"0",,
"PAKUF","92",55000,320,0,10000,39000,19000,42000,5,1,1,"0",,
"PAKWA","92",55000,320,0,10000,39000,19000,42000,5,1,1,"0",,
"PANCL","507",82000,500,0,21000,130000,32000,120000,-5,1,1,"0",,
"PANCW","507",82000,500,0,21000,130000,32000,120000,-5,1,1,"0",,
"PANK9","507",82000,500,0,21000,130000,32000,120000,-5,1,1,"0",,
"PERTM","51",65000,400,0,12000,130000,30000,120000,-5,1,1,"0",,
"PHLDG","63",37000,510,0,12000,73000,12000,91000,8,1,1,"0",,
"PHLGT","63",37000,510,0,12000,73000,12000,91000,8,1,1,"0",,
"PHLSR","63",37000,510,0,12000,73000,12000,91000,8,1,1,"0",,
"PNGDP","675",95000,750,0,15000,168000,35000,150000,10,1,1,"0",,
"PNGK9","675",95000,750,0,15000,168000,35000,150000,10,1,1,"0",,
"PNGPM","675",95000,750,0,15000,168000,35000,150000,10,1,1,"0",,
"POL02","48",48000,600,0,9000,130000,35000,70000,2,1,1,"0",,
"POL03","48",48000,600,0,9000,130000,35000,70000,2,1,1,"0",,
"POLKM","48",48000,600,0,9000,130000,35000,70000,2,1,1,"0",,
"PRICL","1787",44000,330,0,12000,92000,46000,97000,-4,1,1,"0",,
"PRTOP","351",66000,460,0,15000,140000,29000,70000,0,1,1,"0",,
"PRTTL","351",66000,460,0,15000,140000,29000,70000,0,1,1,"0",,
"PRTTM","351",66000,460,0,15000,140000,29000,70000,0,1,1,"0",,
"PRYHT","595",85000,400,0,10000,120000,32000,120000,-4,1,1,"0",,
"PRYK9","595",85000,400,0,10000,120000,32000,120000,-4,1,1,"0",,
"QATB1","974",140000,590,0,18000,106000,43000,112000,3,1,1,"0",,
"QATQT","974",140000,590,0,18000,106000,43000,112000,3,1,1,"0",,
"REU02","262",60000,0,0,12000,75000,25000,60000,4,0,0,"0",,
"ROMCS","40",65000,400,0,12000,130000,30000,120000,3,1,1,"0",,
"ROMMF","40",65000,400,0,12000,130000,30000,120000,3,1,1,"0",,
"ROMMR","40",65000,400,0,12000,130000,30000,120000,3,1,1,"0",,
"RUS01","7",58000,650,0,13000,195000,38000,170000,8,1,1,"0",,
"RUS16","7",58000,650,0,13000,195000,38000,170000,8,1,1,"0",,
"RUS17","7",58000,650,0,13000,195000,38000,170000,8,1,1,"0",,
"RUSBD","7",58000,650,0,13000,195000,38000,170000,8,1,1,"0",,
"RUSKH","7",58000,650,0,13000,195000,38000,170000,8,1,1,"0",,
"RUSNW","7",58000,650,0,13000,195000,38000,170000,8,1,1,"0",,
"RUSSC","7",58000,650,0,13000,195000,38000,170000,8,1,1,"0",,
"RUSUT","7",58000,650,0,13000,195000,38000,170000,8,1,1,"0",,
"SAUAJ","966",62000,670,0,19000,132000,40000,120000,3,1,1,"0",,
"SAUET","966",62000,670,0,19000,132000,40000,120000,3,1,1,"0",,
"SAUZN","966",62000,670,0,19000,132000,40000,120000,3,1,1,"0",,
"SENK9","221",65000,0,0,18000,270000,80000,270000,0,0,0,"0",,
"SGPM1","65",45000,300,0,12000,60000,19000,62000,8,1,1,"0",,
"SGPSH","65",45000,300,0,12000,60000,19000,62000,8,1,1,"0",,
"SGPST","65",45000,300,0,12000,60000,19000,62000,8,1,1,"0",,
"SLVTP","503",90000,450,0,9000,115000,35000,115000,-6,1,1,"0",,
"SRBNO","381",55000,320,0,7000,250000,32000,250000,1,1,1,"0",,
"SURK9","597",58000,600,0,18000,80000,26000,80000,-3,1,1,"0",,
"SURUQ","597",58000,600,0,18000,80000,26000,80000,-3,1,1,"0",,
"SVKET","421",65000,450,0,12000,125000,24000,99000,1,1,1,"0",,
"SVKGT","421",65000,450,0,12000,125000,24000,99000,1,1,1,"0",,
"SVNMT","386",95000,800,0,15000,168000,35000,150000,2,1,1,"0",,
"SVNSM","386",95000,800,0,15000,168000,35000,150000,2,1,1,"0",,
"SWEEP","46",50000,250,0,15000,92000,34000,57000,2,1,1,"0",,
"SWEIQ","46",50000,250,0,15000,92000,34000,57000,2,1,1,"0",,
"SWETR","46",50000,250,0,15000,92000,34000,57000,2,1,1,"0",,
"TCAK9","1649",110000,0,0,18000,148000,38000,148000,-5,0,0,"0",,
"TCDCT","235",90000,470,0,14000,250000,42000,260000,0,1,1,"0",,
"TGOK9","228",65000,0,0,15000,38000,19000,125000,0,0,0,"0",,
"TKMBC","993",80000,0,0,14000,310000,39000,280000,5,0,0,"0",,
"TKMK8","993",80000,0,0,14000,310000,39000,280000,5,0,0,"0",,
"TLSTC","670",52000,200,0,29000,66000,29000,95000,7,1,1,"0",,
"TLSTL","670",52000,200,0,29000,66000,29000,95000,7,1,1,"0",,
"TONDP","676",95000,200,0,20000,240000,46000,200000,13,1,1,"0",,
"TTO12","1868",95000,330,0,17000,155000,35000,155000,-4,1,1,"0",,
"TUNK5","216",120000,280,0,30000,200000,105000,200000,1,1,1,"0",,
"TUNTT","216",120000,280,0,30000,200000,105000,200000,1,1,1,"0",,
"TURTC","90",78000,700,0,16000,149000,49000,140000,2,1,1,"0",,
"TURTK","90",80000,700,0,22000,175000,65000,350000,2,1,1,"0",,
"TURTS","90",78000,700,0,16000,149000,49000,140000,2,1,1,"0",,
"TWNFE","886",52000,380,0,12000,59000,22000,60000,8,1,1,"0",,
"TWNLD","886",52000,380,0,12000,59000,22000,60000,8,1,1,"0",,
"TWNPC","886",52000,380,0,12000,59000,22000,60000,8,1,1,"0",,
"TWNTA","886",52000,380,0,12000,59000,22000,60000,8,1,1,"0",,
"TZAK9","255",65000,0,0,12000,130000,30000,120000,3,1,1,"0",,
"TZAVC","255",65000,400,0,12000,130000,30000,120000,3,1,1,"0",,
"UGACE","256",60000,650,0,12000,95000,25000,110000,3,1,1,"0",,
"UGAMN","256",60000,650,0,12000,95000,25000,110000,3,1,1,"0",,
"UKRK9","380",75000,0,0,11000,240000,36000,220000,3,1,1,"0",,
"UKRKS","380",75000,500,0,11000,240000,36000,220000,3,1,1,"0",,
"UKRUM","380",75000,500,0,11000,240000,36000,220000,3,1,1,"0",,
"URYAM","598",95000,520,0,15000,168000,35000,150000,-3,1,1,"0",,
"USACB","1",44000,330,0,12000,92000,46000,97000,-6,1,1,"0",,
"USACG","1",44000,330,0,12000,92000,46000,97000,-6,1,1,"0",,
"USACI","1",44000,330,0,12000,92000,46000,97000,-6,1,1,"0",,
"USAK8","1",44000,0,0,12000,92000,46000,97000,-6,1,1,"0",,
"USAW6","1",44000,330,0,12000,92000,46000,97000,-6,1,1,"0",,
"UZB07","998",95000,430,0,20000,240000,20000,235000,5,1,1,"0",,
"UZBDU","998",95000,430,0,20000,240000,20000,235000,5,1,1,"0",,
"VCTK9","1784",110000,0,0,18000,148000,38000,148000,-4,0,0,"0",,
"VEND2","58",102000,580,0,14000,125000,35000,180000,-4.3,1,1,"0",,
"VGBK9","1284",110000,0,0,18000,148000,38000,148000,-4,0,0,"0",,
"VNMBL","84",55000,420,0,12000,71000,12000,71000,7,1,1,"0",,
"VNMMO","84",55000,420,0,12000,71000,12000,71000,7,1,1,"0",,
"VNMVI","84",55000,420,0,12000,71000,12000,71000,7,1,1,"0",,
"VNMVM","84",55000,420,0,12000,71000,12000,71000,7,1,1,"0",,
"VNMVT","84",55000,420,0,12000,71000,12000,71000,7,1,1,"0",,
"VUTDP","678",100000,350,0,17000,100000,25000,100000,11,1,1,"0",,
"YEMYY","967",45000,0,0,9000,60000,11000,235000,3,0,0,"0",,
"ZAFCC","27",55000,130,0,7000,35000,18000,40000,2,1,1,"0",,
"ZAFMN","27",55000,130,0,7000,35000,18000,40000,2,1,1,"0",,
"ZAFVC","27",55000,130,0,7000,35000,18000,40000,2,1,1,"0",,
"GHAGT","233",115000,260,0,12000,75000,25000,110000,0,1,1,"0",,
"GRCQT","30",65000,430,0,13000,89000,23000,62000,3,1,1,"0",,
"GUYUM","592",110000,0,0,16000,135000,35000,135000,0,0,0,"0",,
"HKGBM","852",34000,550,0,16000,71000,13000,77000,8,1,1,"0",,
"HKGNW","852",34000,550,0,16000,71000,13000,77000,8,1,1,"0",,
"AAM21","46",50000,250,0,15000,92000,34000,57000,1,1,1,"1",,
"AILID","62",36000,470,0,12000,120000,21000,143000,7,1,1,"1",,
"ANTCT","599",105000,600,0,18000,110000,45000,115000,-4,0,0,"1",,
"ARETH","8216",98000,750,0,38000,115000,75000,120000,4,1,1,"1",,
"ARGNC","54",80000,400,0,12000,130000,30000,120000,4,1,1,"1",,
"ARGVO","54",80000,400,0,12000,130000,30000,120000,4,1,1,"1",,
"ARMK9","374",80000,0,0,6000,175000,33000,175000,0,1000,1000,"1",,
"AUSOT","61",39000,530,0,14000,80000,23000,78000,11,1,1,"1",,
"AUTHU","43",70000,450,0,19000,145000,37000,140000,2,1,1,"1",,
"AUTMK","43",70000,450,0,19000,145000,37000,140000,2,1,1,"1",,
"AUTON","43",70000,450,0,19000,145000,37000,140000,2,1,1,"1",,
"HNDDC","504",100000,420,0,12000,90000,32000,95000,-6,1,1,"1",,
"HRVT2","385",65000,400,0,12000,130000,30000,120000,1,1,1,"1",,
"IDNIM","62",36000,470,0,12000,120000,21000,143000,7,1,1,"1",,
"IND01","91",105000,480,0,20000,96000,47000,96000,5.3,1,1,"1",,
"IND06","91",105000,480,0,20000,96000,47000,96000,5.3,1,1,"1",,
"IND08","91",105000,480,0,20000,96000,47000,96000,5.3,1,1,"1",,
"INDAH","91",105000,480,0,20000,96000,47000,96000,5.3,1,1,"1",,
"INDAM","91",105000,480,0,20000,96000,47000,96000,5.3,1,1,"1",,
"INDBR","91",105000,480,0,20000,96000,47000,96000,5.3,1,1,"1",,
"INDDL","91",105000,480,0,20000,96000,47000,96000,5.3,1,1,"1",,
"INDGU","91",105000,480,0,20000,96000,47000,96000,5.3,1,1,"1",,
"INDHA","91",105000,480,0,20000,96000,47000,96000,5.3,1,1,"1",,
"INDHC","91",105000,480,0,20000,96000,47000,96000,5.3,1,1,"1",,
"INDHK","91",105000,480,0,20000,96000,47000,96000,5.3,1,1,"1",,
"INDHY","91",105000,480,0,20000,96000,47000,96000,5.3,1,1,"1",,
"INDIE","91",105000,480,0,20000,96000,47000,96000,5.3,1,1,"1",,
"INDIJ","91",105000,480,0,20000,96000,47000,96000,5.3,1,1,"1",,
"INDKA","91",105000,480,0,20000,96000,47000,96000,5.3,1,1,"1",,
"INDKE","91",105000,480,0,20000,96000,47000,96000,5.3,1,1,"1",,
"INDMA","91",105000,480,0,20000,96000,47000,96000,5.3,1,1,"1",,
"INDMD","91",105000,480,0,20000,96000,47000,96000,5.3,1,1,"1",,
"INDMU","91",105000,480,0,20000,96000,47000,96000,5.3,1,1,"1",,
"INDND","91",105000,480,0,20000,96000,47000,96000,5.3,1,1,"1",,
"INDPE","91",105000,480,0,20000,96000,47000,96000,5.3,1,1,"1",,
"INDPN","91",105000,480,0,20000,96000,47000,96000,5.3,1,1,"1",,
"INDPW","91",105000,480,0,20000,96000,47000,96000,5.3,1,1,"1",,
"INDRS","91",105000,480,0,20000,96000,47000,96000,5.3,1,1,"1",,
"INDTC","91",105000,480,0,20000,96000,47000,96000,5.3,1,1,"1",,
"IRLH3","353",64000,490,0,10000,132000,20000,50000,0,1,1,"1",,
"IRQOR","964",95000,500,0,15000,168000,35000,150000,3,1,1,"1",,
"ISL03","354",60000,650,0,12000,75000,25000,60000,10,1,1,"1",,
"ISLOC","13",289000,0,0,40000,265000,252000,235000,10,0,0,"1",,
"ISRHC","972",78000,640,0,31000,148000,44000,142000,2,1,1,"1",,
"ISRPL","972",78000,640,0,31000,148000,44000,142000,2,1,1,"1",,
"ITABL","39",68000,570,0,13000,126000,42000,83000,1,1,1,"1",,
"ITAGT","11",228000,570,0,15000,200000,200000,150000,1,1,1,"1",,
"ITAH3","39",68000,570,0,13000,126000,42000,83000,1,1,1,"1",,
"JPNDM","81",26000,670,0,12000,80000,26000,85000,9,1,1,"1",,
"JPNEM","81",26000,670,0,12000,80000,26000,85000,9,1,1,"1",,
"JPNKD","81",26000,670,0,12000,80000,26000,85000,9,1,1,"1",,
"KHMSC","855",48000,500,0,12000,86000,30000,91000,0,1,1,"1",,
"KORKT","82",56000,500,0,13000,75000,32000,79000,9,1,1,"1",,
"KORLU","82",56000,500,0,13000,75000,32000,79000,9,1,1,"1",,
"LGTKO","82",56000,500,0,13000,75000,32000,79000,9,1,1,"1",,
"LIETG","423",48000,570,0,13000,120000,35000,80000,1,1,1,"1",,
"MEXNC","52",91000,350,0,13000,116000,35000,98000,-5,1,1,"1",,
"MKDK8","389",95000,800,0,15000,168000,35000,150000,1,1000,1000,"1",,
"MMRVT","95",60000,40,0,12000,45000,25000,80000,6.5,1000,1000,"1",,
"MMRXY","95",0,40,0,0,0,0,0,6.5,1000,1000,"1",,
"MYSMR","60",50000,470,0,16000,76000,15000,86000,8,1,1,"1",,
"MYSSD","60",50000,470,0,16000,76000,15000,86000,8,1,1,"1",,
"NICMS","505",95000,200,0,11000,155000,36000,235000,-6,1,1,"1",,
"NICSC","505",95000,200,0,11000,155000,36000,235000,-6,1,1,"1",,
"NLDDT","31",58000,600,0,14000,99000,36000,70000,2,1000,1000,"1",,
"NLDTM","31",58000,600,0,14000,99000,36000,70000,2,1000,1000,"1",,
"NORAM","8299",275000,750,0,35000,150000,150000,150000,1,1,1,"1",,
"NORMC","8232",90000,550,0,35000,75000,70000,65000,1,1,1,"1",,
"PANDC","507",82000,500,0,21000,130000,32000,120000,-5,1000,1000,"1",,
"PERK9","51",65000,400,0,12000,130000,30000,120000,-5,1000,1000,"1",,
"PERNC","51",65000,400,0,12000,130000,30000,120000,-5,1,1,"1",,
"PHLIC","63",37000,510,0,12000,73000,12000,91000,8,1,1,"1",,
"PHLNC","63",37000,510,0,12000,73000,12000,91000,8,1,1,"1",,
"RUS28","7",58000,650,0,13000,195000,38000,170000,8,1,1,"1",,
"RUSDT","7",58000,650,0,13000,195000,38000,170000,8,1,1,"1",,
"RUSKU","7",58000,650,0,13000,195000,38000,170000,8,1,1,"1",,
"RUSST","7",58000,650,0,13000,195000,38000,170000,8,1,1,"1",,
"RUST2","7",58000,650,0,13000,195000,38000,170000,8,1,1,"1",,
"SGP3G","65",45000,300,0,12000,60000,19000,62000,8,1,1,"1",,
"SGPML","65",45000,300,0,12000,60000,19000,62000,8,1,1,"1",,
"SGPMW","65",45000,300,0,12000,60000,19000,62000,8,1,1,"1",,
"SLVDC","503",90000,450,0,9000,115000,35000,115000,-6,1,1,"1",,
"SURDC","597",58000,600,0,18000,80000,26000,80000,-3,1,1,"1",,
"SVNK7","386",95000,800,0,15000,168000,35000,150000,2,1000,1000,"1",,
"SVNK9","386",95000,800,0,15000,168000,35000,150000,2,1000,1000,"1",,
"SWEHU","46",50000,250,0,15000,92000,34000,57000,2,1,1,"1",,
"SWEMI","46",50000,250,0,15000,92000,34000,57000,2,1,1,"1",,
"SWESM","46",50000,250,0,15000,92000,34000,57000,2,1,1,"1",,
"LIEVE","423",48000,570,0,13000,120000,35000,80000,1,1,1,"1",,
"BLZ67","501",105000,260,0,14000,180000,38000,180000,-6,1,1,"1",,
"GTMTG","502",92000,500,0,12000,130000,30000,120000,-6,1,1,"1",,
"CRITC","506",90000,200,0,12000,50000,23000,50000,-6,1,1,"1",,
"PANMS","507",82000,500,0,21000,130000,32000,120000,-5,1,1,"1",,
"HTIVT","509",110000,520,0,18000,148000,38000,148000,-5,1,1,"1",,
"HTICL","509",110000,520,0,18000,148000,38000,148000,-5,1,1,"1",,
"HTIHT","509",110000,520,0,18000,148000,38000,148000,-5,1,1,"1",,
"AIACW","1264",110000,200,0,18000,148000,38000,148000,-4,1,1,"1",,
"VGBCW","1284",110000,200,0,18000,148000,38000,148000,-4,1,1,"1",,
"BMU01","1441",110000,380,0,18000,148000,38000,148000,-4,1,1,"1",,
"BMUBD","1441",110000,380,0,18000,148000,38000,148000,-4,1,1,"1",,
"GRDCW","1473",110000,200,0,18000,148000,38000,148000,-4,1,1,"1",,
"TCAIC","1649",110000,200,0,18000,148000,38000,148000,-5,1,1,"1",,
"MSRCW","1664",110000,200,0,18000,148000,38000,148000,-4,1,1,"1",,
"MNPPT","1670",65000,540,0,12000,130000,30000,120000,10,1,1,"1",,
"GUMDP","1671",65000,540,0,12000,130000,30000,120000,10,1,1,"1",,
"GUMIW","1671",65000,540,0,12000,130000,30000,120000,10,1,1,"1",,
"ASMAS","1684",110000,200,0,18000,148000,38000,148000,-11,1,1,"1",,
"VCTCW","1784",110000,200,0,18000,148000,38000,148000,-4,1,1,"1",,
"AAZVF","8216",98000,750,0,38000,115000,75000,120000,4,1,1,"1",,
"AFGAW","93",65000,350,0,20000,100000,25000,100000,4.3,1,1,"1",,
"AFGEA","93",65000,350,0,20000,100000,25000,100000,4.3,1,1,"1",,
"AFGTD","93",65000,350,0,20000,100000,25000,100000,4.3,1,1,"1",,
"AGOK9","244",95000,0,0,11000,135000,21000,175000,0,0,0,"1",,
"AIAK9","1264",110000,0,0,18000,148000,38000,148000,-4,0,0,"1",,
"ANDMA","376",38000,0,0,21000,172000,52000,172000,1,0,0,"1",,
"ANTK9","599",105000,0,0,18000,110000,45000,115000,-4,0,0,"1",,
"ARETC","971",60000,550,0,20000,92000,36000,145000,4,1,1,"1",,
"CHNCM","86",43000,320,0,12000,62000,18000,66000,8,1,1,"1",,
"CHNTD","86",43000,320,0,12000,62000,18000,66000,8,1,1,"1",,
"COLK8","57",95000,750,0,20000,240000,46000,200000,-5,1000,1000,"1",,
"TJK91","992",80000,0,0,14000,310000,39000,280000,5,0,0,"1",,
"TTODL","1868",95000,330,0,17000,155000,35000,155000,-4,1,1,"1",,
"TWNKG","886",52000,380,0,12000,59000,22000,60000,8,1,1,"1",,
"TWNTG","886",52000,380,0,12000,59000,22000,60000,8,1,1,"1",,
"TWNTM","886",52000,380,0,12000,59000,22000,60000,8,1,1,"1",,
"TWNTT","886",52000,380,0,12000,59000,22000,60000,8,1,1,"1",,
"TZACT","255",65000,400,0,12000,130000,30000,120000,3,1,1,"1",,
"UKRRS","380",75000,500,0,11000,240000,36000,220000,3,1,1,"1",,
"URYK9","598",95000,520,0,15000,168000,35000,150000,-3,1000,1000,"1",,
"USA16","1",44000,330,0,12000,92000,46000,97000,-6,1,1,"1",,
"USA23","1",44000,330,0,12000,92000,46000,97000,-6,1,1,"1",,
"USA27","1",44000,330,0,12000,92000,46000,97000,-6,1,1,"1",,
"USA31","1",44000,330,0,12000,92000,46000,97000,-6,1,1,"1",,
"USA66","8816",44000,330,0,10000,90000,45000,95000,-6,1000,1000,"1",,
"USAAT","1",44000,330,0,12000,92000,46000,97000,-6,1,1,"1",,
"USABS","1",44000,330,0,12000,92000,46000,97000,-6,1,1,"1",,
"USAD1","1",44000,330,0,12000,92000,46000,97000,-6,1,1,"1",,
"USAK4","1",44000,330,0,10000,90000,45000,95000,-6,1000,1000,"1",,
"USANC","1",44000,330,0,12000,92000,46000,97000,-6,1,1,"1",,
"USAPB","1",44000,330,0,12000,92000,46000,97000,-6,1,1,"1",,
"USARB","1",44000,330,0,12000,92000,46000,97000,-6,1,1,"1",,
"USASP","1",44000,330,0,12000,92000,46000,97000,-6,1,1,"1",,
"USAST","1",44000,330,0,12000,92000,46000,97000,-6,1,1,"1",,
"USATL","1",44000,330,0,10000,90000,45000,95000,-6,1000,1000,"1",,
"USAW0","1",44000,330,0,12000,92000,46000,97000,-6,1,1,"1",,
"USAW1","1",44000,330,0,12000,92000,46000,97000,-6,1,1,"1",,
"USAW2","1",44000,330,0,12000,92000,46000,97000,-6,1,1,"1",,
"USAW3","1",44000,330,0,12000,92000,46000,97000,-6,1,1,"1",,
"USAW4","1",44000,330,0,12000,92000,46000,97000,-6,1,1,"1",,
"USAW5","1",44000,330,0,12000,92000,46000,97000,-6,1,1,"1",,
"UZB05","998",95000,430,0,20000,240000,20000,235000,5,1,1,"1",,
"VEN01","58",102000,580,0,14000,125000,35000,180000,-4.3,1,1,"1",,
"VEND3","58",102000,580,0,14000,125000,35000,180000,-4.3,1,1,"1",,
"VENMS","58",102000,580,0,14000,125000,35000,180000,-4.3,1,1,"1",,
"TGOTL","228",65000,600,0,15000,38000,19000,125000,0,1,1,"1",,
"BRASP","55",56000,430,0,13000,114000,29000,85000,4,1,1,"1",,
"BOLTE","591",60000,300,0,10000,95000,30000,100000,-4,1,1,"1",,
"MNETM","382",95000,400,0,15000,168000,35000,150000,2,1,1,"1",,
"TUNOR","216",120000,280,0,30000,200000,105000,200000,1,1,1,"1",,
"TZAZN","255",65000,400,0,12000,130000,30000,120000,3,1,1,"1",,
"ANTTC","599",105000,0,0,18000,110000,45000,115000,-4,0,0,"1",,
"UKRAS","380",75000,500,0,11000,240000,36000,220000,3,1,1,"1",,
"KNACW","1",110000,200,0,18000,148000,38000,148000,-4,1,1,"1",,
"JAMCW","1876",110000,200,0,18000,148000,38000,148000,5,1,1,"1",,
"BRACS","55",56000,430,0,13000,114000,29000,85000,4,1,1,"1",,
"COLCO","57",95000,750,0,20000,240000,46000,200000,-5,1,1,"1",,
"AGOUT","244",95000,0,0,11000,135000,21000,175000,0,0,0,"1",,
"GHAGM","233",115000,260,0,12000,75000,25000,110000,0,1,1,"1",,
"USAUN","1",44000,330,0,12000,92000,46000,97000,-6,1,1,"1",,
"ITAWI","39",68000,570,0,13000,126000,42000,83000,1,1,1,"1",,
"CRICL","506",90000,200,0,12000,50000,23000,50000,0,1,1,"1",,
"MEXN3","52",91000,350,0,13000,116000,35000,98000,-5,1,1,"1",,
"MDGTM","261",65000,800,0,12000,130000,30000,120000,1,1,1,"1",,
"LCACW","1758",110000,200,0,18000,148000,38000,148000,-4,1,1,"1",,
"CYMCW","1345",110000,200,0,18000,148000,38000,148000,2,1,1,"1",,
"KENTK","254",100000,230,0,15000,165000,20000,135000,3,1,1,"1",,
"GINGS","224",65000,0,0,18000,175000,40000,250000,0,0,0,"1",,
"AZEAF","994",39000,620,0,8000,175000,14000,138000,4,1,1,"1",,
"SENAZ","221",65000,0,0,18000,270000,80000,270000,0,0,0,"1",,
"ANTUT","599",105000,600,0,18000,110000,45000,115000,-4,0,0,"1",,
"CIV02","225",65000,0,0,12000,130000,30000,120000,0,0,0,"1",,
"TKM02","993",80000,0,0,14000,310000,39000,280000,5,0,0,"1",,
"PRYNP","595",85000,400,0,10000,120000,32000,120000,-4,1,1,"1",,
"DMACW","1767",110000,200,0,18000,148000,38000,148000,-4,1,1,"1",,
"KGZNT","996",75000,300,0,8000,110000,25000,190000,6,1,1,"1",,
"TCACW","1649",110000,200,0,18000,148000,38000,148000,-5,1,1,"1",,
"BRARN","55",56000,430,0,13000,114000,29000,85000,4,1,1,"1",,
"ATGCW","1268",110000,200,0,18000,148000,38000,148000,-4,1,1,"1",,
"BRBCW","1246",110000,200,0,18000,148000,38000,148000,-4,1,1,"1",,
"AREDU","971",60000,550,0,20000,92000,36000,145000,4,1,1,"1",,
"AUTTR","43",70000,450,0,19000,145000,37000,140000,2,1,1,"1",,
"BHRB2","973",70000,600,0,18000,124000,34000,95000,3,1,1,"1",,
"BIHK9","387",65000,400,0,12000,130000,30000,120000,1,1000,1000,"1",,
"BRANC","55",56000,430,0,13000,114000,29000,85000,4,1,1,"1",,
"BRNBN","673",55000,500,0,17000,78000,14000,115000,8,1000,1000,"1",,
"CANMC","2",55000,330,0,13000,88000,50000,65000,-5,1,1,"1",,
"CHECF","41",48000,570,0,13000,121000,35000,81000,1,1,1,"1",,
"CHEOA","8298",275000,750,0,35000,150000,150000,150000,1,1,1,"1",,
"CHLK8","56",80000,400,0,12000,130000,30000,120000,-4,1000,1000,"1",,
"CHLTM","56",80000,400,0,12000,130000,30000,120000,-4,1,1,"1",,
"KENSA","254",100000,230,0,15000,165000,20000,135000,3,1,1,"1",,
"CYPSC","357",60000,650,0,12000,75000,25000,60000,2,1,1,"1",,
"MMROM","95",60000,60,0,12000,45000,25000,80000,6.5,1,1,"1",,
"USASB","1",44000,330,0,12000,92000,46000,97000,-6,1,1,"1",,
"USACO","1",44000,330,0,12000,92000,46000,97000,-6,1,1,"1",,
"RUSK4","7",58000,650,0,13000,195000,38000,170000,8,1,1,"1",,
"KAZ77","8",64000,650,0,6000,148000,25000,90000,6,1,1,"1",,
"SHIPS","44",56000,380,0,12000,75000,23000,63000,0,1,1,"1",,
"SWETD","46",50000,250,0,15000,92000,34000,57000,1,1,1,"1",,
"NORTD","47",27000,320,0,10000,58000,28000,40000,1,1,1,"1",,
"PERMO","51",65000,400,0,12000,130000,30000,120000,-5,1,1,"1",,
"PERN3","51",65000,400,0,12000,130000,30000,120000,-5,1,1,"1",,
"MEXMS","52",91000,350,0,13000,116000,35000,98000,-5,1,1,"1",,
"MEXIU","52",91000,350,0,13000,116000,35000,98000,-5,1,1,"1",,
"CUB01","53",65000,300,0,28000,165000,35000,165000,-4,1,1,"1",,
"ARGTM","54",80000,400,0,12000,130000,30000,120000,4,1,1,"1",,
"BRAV1","55",56000,430,0,13000,114000,29000,85000,4,1,1,"1",,
"BRAV2","55",56000,430,0,13000,114000,29000,85000,4,1,1,"1",,
"BRAV3","55",56000,430,0,13000,114000,29000,85000,4,1,1,"1",,
"BRATC","55",56000,430,0,13000,114000,29000,85000,4,1,1,"1",,
"COLTM","57",95000,750,0,20000,240000,46000,200000,-5,1,1,"1",,
"TURIS","90",78000,700,0,16000,149000,49000,140000,2,1,1,"1",,
"TURAC","90",78000,700,0,16000,149000,49000,140000,2,1,1,"1",,
"IND10","91",105000,480,0,20000,96000,47000,96000,5.3,1,1,"1",,
"IND11","91",105000,480,0,20000,96000,47000,96000,5.3,1,1,"1",,
"IND12","91",105000,480,0,20000,96000,47000,96000,5.3,1,1,"1",,
"IND14","91",105000,480,0,20000,96000,47000,96000,5.3,1,1,"1",,
"IND13","91",105000,480,0,20000,96000,47000,96000,5.3,1,1,"1",,
"IND15","91",105000,480,0,20000,96000,47000,96000,5.3,1,1,"1",,
"IND16","91",105000,480,0,20000,96000,47000,96000,5.3,1,1,"1",,
"MMRTN","95",60000,60,0,12000,45000,25000,80000,6.5,0,0,"1",,
"SSDMN","211",90000,0,0,13000,75000,25000,230000,3,0,0,"1",,
"SSDVC","211",90000,0,0,13000,75000,25000,230000,3,0,0,"1",,
"SSDGM","211",90000,0,0,13000,75000,25000,230000,3,0,0,"1",,
"MLI02","223",110000,620,0,18000,240000,50000,240000,0,1,1,"1",,
"BFACT","226",70000,200,0,13000,120000,40000,120000,0,1,1,"1",,
"TGOTC","228",65000,600,0,15000,38000,19000,125000,0,1,1,"1",,
"LBR07","231",78000,640,0,31000,148000,44000,142000,0,1,1,"1",,
"CAF03","236",65000,0,0,18000,55000,42000,55000,1,0,0,"1",,
"CMRMT","237",100000,600,0,20000,250000,35000,250000,1,1,1,"1",,
"CPVTM","238",65000,720,0,32000,230000,25000,230000,-1,1,1,"1",,
"CPVCV","238",65000,720,0,32000,230000,25000,230000,-1,1,1,"1",,
"STPST","239",80000,600,0,15000,200000,50000,200000,0,1,1,"1",,
"GNQHT","240",80000,0,0,13000,200000,35000,200000,1,0,0,"1",,
"GABCT","241",140000,120,0,13000,230000,25000,230000,1,1,1,"1",,
"CODCT","243",115000,150,0,12000,115000,45000,115000,1,1,1,"1",,
"CODSA","243",115000,150,0,12000,115000,45000,115000,1,1,1,"1",,
"CODAC","243",115000,150,0,12000,115000,45000,115000,1,1,1,"1",,
"SYCAT","248",70000,240,0,12000,90000,32000,100000,4,1,1,"1",,
"SYCCW","248",70000,240,0,12000,90000,32000,100000,4,1,1,"1",,
"MOZVC","258",60000,340,0,10000,75000,25000,125000,2,1,1,"1",,
"MOZVT","258",60000,340,0,10000,75000,25000,125000,2,1,1,"1",,
"ZMBCE","260",65000,200,0,12000,85000,25000,250000,2,1,1,"1",,
"ZMBCZ","260",65000,200,0,12000,85000,25000,250000,2,1,1,"1",,
"FRARE","262",60000,0,0,12000,75000,25000,60000,4,0,0,"1",,
"ZWEET","263",65000,600,0,12000,280000,50000,300000,2,1,1,"1",,
"ZWEN3","263",65000,600,0,12000,280000,50000,300000,2,1,1,"1",,
"NAM03","264",90000,0,0,12000,100000,23000,100000,0,0,0,"1",,
"LSOET","266",80000,280,0,12000,105000,25000,105000,2,1,1,"1",,
"ABWSE","297",110000,0,0,18000,148000,38000,148000,-4,0,0,"1",,
"ALBVF","355",60000,420,0,13000,100000,30000,130000,2,1,1,"1",,
"ALBEM","355",60000,420,0,13000,100000,30000,130000,2,1,1,"1",,
"ARMKT","374",80000,450,0,6000,175000,33000,175000,0,1,1,"1",,
"ARGCM","54",80000,400,0,12000,130000,30000,120000,4,1,1,"1",,
"CWIDC","81",26000,670,0,12000,80000,26000,85000,9,1,1,"1",,
"DEUO2","49",55000,450,0,12000,77000,39000,69000,1,1,1,"1",,
"DNKHU","45",48000,500,0,16000,105000,29000,55000,1,1,1,"1",,
"DNKMX","45",48000,500,0,16000,105000,29000,55000,1,1,1,"1",,
"ESPT2","34",78000,450,0,16000,115000,34000,75000,2,1,1,"1",,
"ESPVV","34",78000,450,0,16000,115000,34000,75000,2,1,1,"1",,
"FINES","358",38000,230,0,9000,85000,20000,75000,2,1,1,"1",,
"FINTA","358",38000,230,0,9000,85000,20000,75000,2,1,1,"1",,
"FJIVF","679",100000,350,0,16000,95000,25000,80000,0,1,1,"1",,
"FRA09","33",53000,500,0,13000,99000,33000,86000,-10,1,1,"1",,
"BLRBT","375",95000,560,0,15000,168000,35000,150000,3,1,1,"1",,
"MCOM1","377",52000,500,0,16000,220000,25000,260000,1,1,1,"1",,
"MCOM2","377",52000,500,0,16000,220000,25000,260000,1,1,1,"1",,
"UKRUT","380",75000,500,0,11000,240000,36000,220000,3,1,1,"1",,
"YUGTS","381",55000,320,0,7000,250000,32000,250000,2,1,1,"1",,
"MNEPM","382",95000,400,0,15000,168000,35000,150000,2,1,1,"1",,
"SVNVG","386",95000,800,0,15000,168000,35000,150000,2,1,1,"1",,
"MKDMM","389",95000,800,0,15000,168000,35000,150000,1,1,1,"1",,
"SVKO2","421",65000,450,0,12000,125000,24000,99000,1,1,1,"1",,
"ECUOT","593",95000,800,0,15000,168000,35000,150000,-5,1,1,"1",,
"URYTM","598",95000,520,0,15000,168000,35000,150000,-3,1,1,"1",,
"TON01","676",95000,200,0,20000,240000,46000,200000,13,1,1,"1",,
"SLBBM","677",110000,200,0,13000,148000,38000,148000,11,1,1,"1",,
"WSMDP","685",110000,200,0,18000,148000,38000,148000,13,1,1,"1",,
"WSMGS","685",110000,200,0,18000,148000,38000,148000,13,1,1,"1",,
"NCLPT","687",60000,600,0,12000,135000,50000,135000,11,1,1,"1",,
"BTNTC","975",95000,500,0,13000,85000,52000,90000,6,1,1,"1",,
"BHSBH","1242",120000,600,0,13000,250000,250000,250000,-4,1,1,"1",,
"ARGTP","54",80000,400,0,12000,130000,30000,120000,4,1,1,"1",,
"ARM01","374",80000,450,0,6000,175000,33000,175000,0,1,1,"1",,
"ARM05","374",80000,450,0,6000,175000,33000,175000,0,1,1,"1",,
"ATGK9","1268",110000,0,0,18000,148000,38000,148000,-4,0,0,"1",,
"AUSOP","61",39000,530,0,14000,80000,23000,78000,11,1,1,"1",,
"AUSTA","61",39000,530,0,14000,80000,23000,78000,11,1,1,"1",,
"AUSVF","61",39000,530,0,14000,80000,23000,78000,11,1,1,"1",,
"AUTCA","43",70000,450,0,19000,145000,37000,140000,2,1,1,"1",,
"AUTMM","43",70000,450,0,19000,145000,37000,140000,2,1,1,"1",,
"AUTPT","43",70000,450,0,19000,145000,37000,140000,2,1,1,"1",,
"AZEAC","994",39000,620,0,8000,175000,14000,138000,4,1,1,"1",,
"AZEBC","994",39000,620,0,8000,175000,14000,138000,4,1,1,"1",,
"AZEK9","994",39000,620,0,8000,175000,14000,138000,4,1,1,"1",,
"BELKO","32",54000,650,0,11000,130000,35000,95000,1,1,1,"1",,
"BELMO","32",54000,650,0,11000,130000,35000,95000,1,1,1,"1",,
"BELTB","32",54000,650,0,11000,130000,35000,95000,1,1,1,"1",,
"BGDAK","880",68000,300,0,11000,45000,28000,60000,6,1,1,"1",,
"BGDBL","880",68000,300,0,11000,45000,28000,60000,6,1,1,"1",,
"BGDGP","880",68000,300,0,11000,45000,28000,60000,6,1,1,"1",,
"BGDWT","880",68000,300,0,11000,45000,28000,60000,6,1,1,"1",,
"BGR01","359",73000,580,0,13000,114000,21000,90000,2,1,1,"1",,
"BGRCM","359",73000,580,0,13000,114000,21000,90000,2,1,1,"1",,
"BHRBT","973",70000,600,0,18000,124000,34000,95000,3,1,1,"1",,
"BHRMV","973",70000,600,0,18000,124000,34000,95000,3,1,1,"1",,
"BIHER","387",65000,400,0,12000,130000,30000,120000,1,1,1,"1",,
"BLR02","375",95000,560,0,15000,168000,35000,150000,3,1,1,"1",,
"BLRMD","375",95000,560,0,15000,168000,35000,150000,3,1,1,"1",,
"BOLK9","591",60000,300,0,10000,95000,30000,100000,-4,1,1,"1",,
"BOLME","591",60000,300,0,10000,95000,30000,100000,-4,1,1,"1",,
"BRACL","55",56000,430,0,13000,114000,29000,85000,4,1,1,"1",,
"BRAK1","55",56000,430,0,13000,114000,29000,85000,4,1,1,"1",,
"BRAK2","55",56000,430,0,13000,114000,29000,85000,4,1,1,"1",,
"BRAK3","55",56000,430,0,13000,114000,29000,85000,4,1,1,"1",,
"BRBK9","1246",110000,0,0,18000,148000,38000,148000,-4,0,0,"1",,
"BRNBR","673",55000,500,0,17000,78000,14000,115000,8,1,1,"1",,
"BRNDS","673",55000,500,0,17000,78000,14000,115000,8,1,1,"1",,
"BTNBM","975",95000,500,0,13000,85000,52000,90000,6,1,1,"1",,
"CAFK9","236",65000,0,0,18000,55000,42000,55000,0,0,0,"1",,
"CANBM","1",55000,330,0,13000,88000,50000,65000,-5,1,1,"1",,
"CANRW","1",55000,330,0,13000,88000,50000,65000,-5,1,1,"1",,
"CANTS","1",55000,330,0,13000,88000,50000,65000,-5,1,1,"1",,
"FRAF4","590",50000,0,0,15000,165000,34000,165000,-10,0,0,"1",,
"GBRCA","44",56000,380,0,12000,75000,23000,63000,0,1,1,"1",,
"GBRMS","44",56000,380,0,12000,75000,23000,63000,0,1,1,"1",,
"CHEC1","41",48000,570,0,13000,121000,35000,81000,1,1,1,"1",,
"CHEDX","41",48000,570,0,13000,121000,35000,81000,1,1,1,"1",,
"CHEK7","41",48000,0,0,13000,121000,35000,81000,1,1,1,"1",,
"CHEOR","41",48000,570,0,13000,121000,35000,81000,1,1,1,"1",,
"CHLMV","56",80000,400,0,12000,130000,30000,120000,-4,1,1,"1",,
"CHNCT","86",43000,320,0,12000,62000,18000,66000,8,1,1,"1",,
"CHNCU","86",43000,320,0,12000,62000,18000,66000,8,1,1,"1",,
"CIVK9","225",65000,0,0,12000,130000,30000,120000,0,0,0,"1",,
"CIVTL","225",65000,0,0,12000,130000,30000,120000,0,0,0,"1",,
"COKTC","682",68000,300,0,16000,155000,52000,135000,-10,1,1,"1",,
"COLCM","57",95000,750,0,20000,240000,46000,200000,-5,1,1,"1",,
"COLK9","57",95000,750,0,20000,240000,46000,200000,-5,1,1,"1",,
"CRIK9","506",90000,0,0,12000,50000,23000,50000,0,0,0,"1",,
"CYMK9","1345",110000,0,0,18000,148000,38000,148000,2,0,0,"1",,
"CYPCT","357",60000,650,0,12000,75000,25000,60000,2,1,1,"1",,
"CYPK9","357",60000,650,0,12000,75000,25000,60000,2,1,1,"1",,
"CZECM","420",62000,500,0,13000,210000,31000,142000,1,1,1,"1",,
"CZEET","420",62000,500,0,13000,210000,31000,142000,1,1,1,"1",,
"CZERM","420",62000,500,0,13000,210000,31000,142000,1,1,1,"1",,
"DEUD1","49",55000,450,0,12000,77000,39000,69000,1,1,1,"1",,
"DEUD2","49",55000,450,0,12000,77000,39000,69000,1,1,1,"1",,
"DEUE1","49",55000,450,0,12000,77000,39000,69000,1,1,1,"1",,
"DEUE2","49",55000,450,0,12000,77000,39000,69000,1,1,1,"1",,
"DMAK9","1767",110000,0,0,18000,148000,38000,148000,-4,0,0,"1",,
"DNKDM","45",48000,500,0,16000,105000,29000,55000,1,1,1,"1",,
"DNKIA","45",48000,500,0,16000,105000,29000,55000,1,1,1,"1",,
"DNKTD","45",48000,500,0,16000,105000,29000,55000,1,1,1,"1",,
"DOMCL","1809",80000,330,0,12000,130000,30000,120000,-4,1,1,"1",,
"ECUPG","593",95000,800,0,15000,168000,35000,150000,-5,1,1,"1",,
"EGYAR","20",88000,670,0,14000,151000,32000,137000,2,1,1,"1",,
"EGYMS","20",88000,670,0,14000,151000,32000,137000,2,1,1,"1",,
"ESPAT","34",78000,450,0,16000,115000,34000,75000,2,1,1,"1",,
"ESPRT","34",78000,450,0,16000,115000,34000,75000,2,1,1,"1",,
"ESPTE","34",78000,450,0,16000,115000,34000,75000,2,1,1,"1",,
"ESPXF","34",78000,450,0,16000,115000,34000,75000,2,1,1,"1",,
"ESTEM","372",65000,400,0,12000,130000,30000,120000,2,1,1,"1",,
"ESTRB","372",65000,400,0,12000,130000,30000,120000,2,1,1,"1",,
"ESTRE","372",65000,400,0,12000,130000,30000,120000,2,1,1,"1",,
"ETH01","251",82000,0,0,25000,128000,35000,155000,3,0,0,"1",,
"FIN2G","358",38000,230,0,9000,85000,20000,75000,2,1,1,"1",,
"FINAM","358",38000,230,0,9000,85000,20000,75000,2,1,1,"1",,
"FINRL","358",38000,230,0,9000,85000,20000,75000,2,1,1,"1",,
"FINTF","358",38000,230,0,9000,85000,20000,75000,2,1,1,"1",,
"FJIDP","679",100000,350,0,16000,95000,25000,80000,0,1,1,"1",,
"FJIK9","679",100000,350,0,16000,95000,25000,80000,0,1,1,"1",,
"FRAF1","33",53000,500,0,13000,99000,33000,86000,-10,1,1,"1",,
"FRAF2","33",53000,500,0,13000,99000,33000,86000,-10,1,1,"1",,
"FRAF3","33",53000,500,0,13000,99000,33000,86000,-10,1,1,"1",,
"FRATK","33",50000,500,0,15000,165000,34000,165000,-10,1,1,"1",,
"FROFT","298",65000,260,0,12000,130000,30000,120000,0,1,1,"1",,
"GBRAJ","44",60000,380,0,12000,115000,25000,85000,0,1,1,"1",,
"GBRCN","44",56000,380,0,12000,75000,23000,63000,0,1,1,"1",,
"GBRGT","44",65000,380,0,12000,130000,30000,120000,0,1,1,"1",,
"GBRHU","44",56000,380,0,12000,75000,23000,63000,0,1,1,"1",,
"GBRJT","44",60000,380,0,12000,115000,25000,85000,0,1,1,"1",,
"GBRME","44",56000,380,0,12000,75000,23000,63000,0,1,1,"1",,
"GBRMT","44",60000,380,0,12000,75000,25000,60000,0,1,1,"1",,
"GBROR","44",56000,380,0,12000,75000,23000,63000,0,1,1,"1",,
"GBRVF","44",56000,380,0,12000,75000,23000,63000,0,1,1,"1",,
"GEOGC","995",60000,650,0,12000,115000,25000,115000,4,1,1,"1",,
"GEOMA","995",60000,650,0,12000,115000,25000,115000,4,1,1,"1",,
"GHAK9","233",115000,260,0,12000,75000,25000,110000,0,1,1,"1",,
"GHASC","233",115000,260,0,12000,75000,25000,110000,0,1,1,"1",,
"GHAZN","233",115000,260,0,12000,75000,25000,110000,0,1,1,"1",,
"GIBGT","350",60000,650,0,12000,75000,25000,60000,2,1,1,"1",,
"GINK9","224",65000,0,0,18000,175000,40000,250000,0,0,0,"1",,
"GMBQC","220",72000,200,0,31000,115000,39000,115000,0,1,1,"1",,
"GRCCO","30",65000,430,0,13000,89000,23000,62000,3,1,1,"1",,
"GRCPF","30",65000,430,0,13000,89000,23000,62000,3,1,1,"1",,
"GRCSH","30",65000,430,0,13000,89000,23000,62000,3,1,1,"1",,
"GRDK9","1473",110000,0,0,18000,148000,38000,148000,-4,0,0,"1",,
"GRLTG","299",60000,400,0,12000,65000,20000,250000,-3,1,1,"1",,
"GTMSC","502",92000,500,0,12000,130000,30000,120000,-6,1,1,"1",,
"GUMHT","1671",65000,540,0,12000,130000,30000,120000,10,1,1,"1",,
"GUYK9","592",110000,600,0,16000,135000,35000,135000,0,0,0,"1",,
"HKGH3","852",34000,550,0,16000,71000,13000,77000,8,1,1,"1",,
"HKGHT","852",34000,550,0,16000,71000,13000,77000,8,1,1,"1",,
"HKGM3","852",34000,550,0,16000,71000,13000,77000,8,1,1,"1",,
"HKGMC","852",34000,550,0,16000,71000,13000,77000,8,1,1,"1",,
"HKGPP","852",34000,550,0,16000,71000,13000,77000,8,1,1,"1",,
"HKGSM","852",34000,550,0,16000,71000,13000,77000,8,1,1,"1",,
"HKGTC","852",34000,550,0,16000,71000,13000,77000,8,1,1,"1",,
"HNDME","504",100000,420,0,12000,90000,32000,95000,-6,1,1,"1",,
"HRVCN","385",65000,400,0,12000,130000,30000,120000,1,1,1,"1",,
"HRVVI","385",65000,400,0,12000,130000,30000,120000,1,1,1,"1",,
"HUNH1","36",60000,900,0,10000,112000,20000,65000,3,1,1,"1",,
"HUNH2","36",60000,900,0,10000,112000,20000,65000,3,1,1,"1",,
"HUNVR","36",60000,900,0,10000,112000,20000,65000,3,1,1,"1",,
"IDN89","62",36000,470,0,12000,120000,21000,143000,7,1,1,"1",,
"IDNEX","62",36000,470,0,12000,120000,21000,143000,7,1,1,"1",,
"IDNLT","62",36000,470,0,12000,120000,21000,143000,7,1,1,"1",,
"IDNSL","62",36000,470,0,12000,120000,21000,143000,7,1,1,"1",,
"IDNTS","62",36000,470,0,12000,120000,21000,143000,7,1,1,"1",,
"IND02","91",105000,480,0,20000,96000,47000,96000,5.3,1,1,"1",,
"IND03","91",105000,480,0,20000,96000,47000,96000,5.3,1,1,"1",,
"IND04","91",105000,480,0,20000,96000,47000,96000,5.3,1,1,"1",,
"IND05","91",105000,480,0,20000,96000,47000,96000,5.3,1,1,"1",,
"IND07","91",105000,480,0,20000,96000,47000,96000,5.3,1,1,"1",,
"IND09","91",105000,480,0,20000,96000,47000,96000,5.3,1,1,"1",,
"IND17","91",105000,480,0,20000,96000,47000,96000,5.3,1,1,"1",,
"IND18","91",105000,480,0,20000,96000,47000,96000,5.3,1,1,"1",,
"IND19","91",105000,480,0,20000,96000,47000,96000,5.3,1,1,"1",,
"IND20","91",105000,480,0,20000,96000,47000,96000,5.3,1,1,"1",,
"IND21","91",105000,480,0,20000,96000,47000,96000,5.3,1,1,"1",,
"IND22","91",105000,480,0,20000,96000,47000,96000,5.3,1,1,"1",,
"IND23","91",105000,480,0,20000,96000,47000,96000,5.3,1,1,"1",,
"IND24","91",105000,480,0,20000,96000,47000,96000,5.3,1,1,"1",,
"IND25","91",105000,480,0,20000,96000,47000,96000,5.3,1,1,"1",,
"IND26","91",105000,480,0,20000,96000,47000,96000,5.3,1,1,"1",,
"IND27","91",105000,480,0,20000,96000,47000,96000,5.3,1,1,"1",,
"IND28","91",105000,480,0,20000,96000,47000,96000,5.3,1,1,"1",,
"IND29","91",105000,480,0,20000,96000,47000,96000,5.3,1,1,"1",,
"INDA1","91",105000,480,0,20000,96000,47000,96000,5.3,1,1,"1",,
"INDA2","91",105000,480,0,20000,96000,47000,96000,5.3,1,1,"1",,
"INDA3","91",105000,480,0,20000,96000,47000,96000,5.3,1,1,"1",,
"INDA4","91",105000,480,0,20000,96000,47000,96000,5.3,1,1,"1",,
"INDA5","91",105000,480,0,20000,96000,47000,96000,5.3,1,1,"1",,
"INDA6","91",105000,480,0,20000,96000,47000,96000,5.3,1,1,"1",,
"INDA7","91",105000,480,0,20000,96000,47000,96000,5.3,1,1,"1",,
"INDA8","91",105000,480,0,20000,96000,47000,96000,5.3,1,1,"1",,
"INDA9","91",105000,480,0,20000,96000,47000,96000,5.3,1,1,"1",,
"INDAC","91",105000,480,0,20000,96000,47000,96000,5.3,1,1,"1",,
"INDAT","91",105000,480,0,20000,96000,47000,96000,5.3,1,1,"1",,
"INDB1","91",105000,480,0,20000,96000,47000,96000,5.3,1,1,"1",,
"INDBI","91",105000,480,0,20000,96000,47000,96000,5.3,1,1,"1",,
"INDBK","91",105000,480,0,20000,96000,47000,96000,5.3,1,1,"1",,
"INDBL","91",105000,480,0,20000,96000,47000,96000,5.3,1,1,"1",,
"INDBM","91",105000,480,0,20000,96000,47000,96000,5.3,1,1,"1",,
"INDBO","91",105000,480,0,20000,96000,47000,96000,5.3,1,1,"1",,
"INDBT","91",105000,480,0,20000,96000,47000,96000,5.3,1,1,"1",,
"INDCC","91",105000,480,0,20000,96000,47000,96000,5.3,1,1,"1",,
"INDE1","91",105000,480,0,20000,96000,47000,96000,5.3,1,1,"1",,
"INDEH","91",105000,480,0,20000,96000,47000,96000,5.3,1,1,"1",,
"INDEK","91",105000,480,0,20000,96000,47000,96000,5.3,1,1,"1",,
"INDEU","91",105000,480,0,20000,96000,47000,96000,5.3,1,1,"1",,
"INDF1","91",105000,480,0,20000,96000,47000,96000,5.3,1,1,"1",,
"INDH1","91",105000,480,0,20000,96000,47000,96000,5.3,1,1,"1",,
"INDHM","91",105000,480,0,20000,96000,47000,96000,5.3,1,1,"1",,
"INDIB","91",105000,480,0,20000,96000,47000,96000,5.3,1,1,"1",,
"INDID","91",105000,480,0,20000,96000,47000,96000,5.3,1,1,"1",,
"INDIH","91",105000,480,0,20000,96000,47000,96000,5.3,1,1,"1",,
"INDIK","91",105000,480,0,20000,96000,47000,96000,5.3,1,1,"1",,
"INDIM","91",105000,480,0,20000,96000,47000,96000,5.3,1,1,"1",,
"INDIO","91",105000,480,0,20000,96000,47000,96000,5.3,1,1,"1",,
"INDIR","91",105000,480,0,20000,96000,47000,96000,5.3,1,1,"1",,
"INDIT","91",105000,480,0,20000,96000,47000,96000,5.3,1,1,"1",,
"INDIU","91",105000,480,0,20000,96000,47000,96000,5.3,1,1,"1",,
"INDIW","91",105000,480,0,20000,96000,47000,96000,5.3,1,1,"1",,
"INDJB","91",105000,480,0,20000,96000,47000,96000,5.3,1,1,"1",,
"INDJH","91",105000,480,0,20000,96000,47000,96000,5.3,1,1,"1",,
"INDMB","91",105000,480,0,20000,96000,47000,96000,5.3,1,1,"1",,
"INDMP","91",105000,480,0,20000,96000,47000,96000,5.3,1,1,"1",,
"INDMT","91",105000,480,0,20000,96000,47000,96000,5.3,1,1,"1",,
"INDRC","91",105000,480,0,20000,96000,47000,96000,5.3,1,1,"1",,
"INDRM","91",105000,480,0,20000,96000,47000,96000,5.3,1,1,"1",,
"INDSC","91",105000,480,0,20000,96000,47000,96000,5.3,1,1,"1",,
"INDSK","91",105000,480,0,20000,96000,47000,96000,5.3,1,1,"1",,
"INDSP","91",105000,480,0,20000,96000,47000,96000,5.3,1,1,"1",,
"INDT0","91",105000,480,0,20000,96000,47000,96000,5.3,1,1,"1",,
"INDT1","91",105000,480,0,20000,96000,47000,96000,5.3,1,1,"1",,
"INDT2","91",105000,480,0,20000,96000,47000,96000,5.3,1,1,"1",,
"INDT3","91",105000,480,0,20000,96000,47000,96000,5.3,1,1,"1",,
"INDT4","91",105000,480,0,20000,96000,47000,96000,5.3,1,1,"1",,
"INDT5","91",105000,480,0,20000,96000,47000,96000,5.3,1,1,"1",,
"INDT6","91",105000,480,0,20000,96000,47000,96000,5.3,1,1,"1",,
"INDT7","91",105000,480,0,20000,96000,47000,96000,5.3,1,1,"1",,
"INDT8","91",105000,480,0,20000,96000,47000,96000,5.3,1,1,"1",,
"INDT9","91",105000,480,0,20000,96000,47000,96000,5.3,1,1,"1",,
"INDTB","91",105000,480,0,20000,96000,47000,96000,5.3,1,1,"1",,
"INDTD","91",105000,480,0,20000,96000,47000,96000,5.3,1,1,"1",,
"INDTG","91",105000,480,0,20000,96000,47000,96000,5.3,1,1,"1",,
"INDTH","91",105000,480,0,20000,96000,47000,96000,5.3,1,1,"1",,
"INDTK","91",105000,480,0,20000,96000,47000,96000,5.3,1,1,"1",,
"INDTM","91",105000,480,0,20000,96000,47000,96000,5.3,1,1,"1",,
"INDTO","91",105000,480,0,20000,96000,47000,96000,5.3,1,1,"1",,
"INDTP","91",105000,480,0,20000,96000,47000,96000,5.3,1,1,"1",,
"INDTR","91",105000,480,0,20000,96000,47000,96000,5.3,1,1,"1",,
"INDWB","91",105000,480,0,20000,96000,47000,96000,5.3,1,1,"1",,
"IRLDF","353",64000,490,0,10000,132000,20000,50000,0,1,1,"1",,
"IRLEC","353",64000,490,0,10000,132000,20000,50000,0,1,1,"1",,
"IRLME","353",64000,490,0,10000,132000,20000,50000,0,1,1,"1",,
"IRN11","98",60000,130,0,12000,75000,25000,60000,4.3,1,1,"1",,
"IRNKI","98",60000,130,0,12000,75000,25000,60000,4.3,1,1,"1",,
"IRNMI","98",60000,130,0,12000,75000,25000,60000,4.3,1,1,"1",,
"IRQAT","964",95000,500,0,15000,168000,35000,150000,3,1,1,"1",,
"ISLPS","354",60000,650,0,12000,75000,25000,60000,10,1,1,"1",,
"ISLTL","354",60000,650,0,12000,75000,25000,60000,10,1,1,"1",,
"ISR01","9726",78000,640,0,31000,148000,44000,142000,2,1,1,"1",,
"ISRCL","9726",78000,640,0,31000,148000,44000,142000,2,1,1,"1",,
"ITAOM","39",68000,570,0,13000,126000,42000,83000,1,1,1,"1",,
"ITASI","39",68000,570,0,13000,126000,42000,83000,1,1,1,"1",,
"JAMDC","1876",110000,200,0,18000,148000,38000,148000,5,1,1,"1",,
"JAMK9","1876",110000,0,0,18000,148000,38000,148000,5,0,0,"1",,
"JORFL","962",77000,740,0,15000,115000,44000,97000,3,1,1,"1",,
"JORMC","962",77000,740,0,15000,115000,44000,97000,3,1,1,"1",,
"JORUM","962",77000,740,0,15000,115000,44000,97000,3,1,1,"1",,
"JPNDO","81",26000,670,0,12000,80000,26000,85000,9,1,1,"1",,
"JPNJP","81",26000,670,0,12000,80000,26000,85000,9,1,1,"1",,
"KAZKT","7",64000,650,0,6000,148000,25000,90000,6,1,1,"1",,
"KAZKZ","7",64000,650,0,6000,148000,25000,90000,6,1,1,"1",,
"KENEC","254",100000,230,0,15000,165000,20000,135000,3,1,1,"1",,
"KENK8","254",100000,230,0,15000,165000,20000,135000,3,1,1,"1",,
"KENK9","254",100000,230,0,15000,165000,20000,135000,3,1,1,"1",,
"KENKC","254",100000,230,0,15000,165000,20000,135000,3,1,1,"1",,
"KGZK8","996",75000,0,0,8000,110000,25000,190000,6,0,0,"1",,
"KGZMC","996",75000,300,0,8000,110000,25000,190000,6,1,1,"1",,
"KHMCC","855",48000,500,0,12000,86000,30000,91000,0,1,1,"1",,
"KHMGM","855",48000,500,0,12000,86000,30000,91000,0,1,1,"1",,
"KHML1","855",48000,500,0,12000,86000,30000,91000,0,1,1,"1",,
"KHMSH","855",48000,500,0,12000,86000,30000,91000,0,1,1,"1",,
"KHMSM","855",48000,500,0,12000,86000,30000,91000,0,1,1,"1",,
"KHMST","855",48000,500,0,12000,86000,30000,91000,0,1,1,"1",,
"KHMVC","855",48000,500,0,12000,86000,30000,91000,0,1,1,"1",,
"KNAK9","1",110000,0,0,18000,148000,38000,148000,-4,0,0,"1",,
"KORKF","82",56000,500,0,13000,75000,32000,79000,9,1,1,"1",,
"KORSK","82",56000,500,0,13000,75000,32000,79000,9,1,1,"1",,
"KWTKT","965",70000,740,0,22000,157000,39000,145000,3,1,1,"1",,
"KWTMT","965",70000,740,0,22000,157000,39000,145000,3,1,1,"1",,
"KWTNM","965",70000,740,0,22000,157000,39000,145000,3,1,1,"1",,
"LAOAS","856",26000,420,0,17000,32000,16000,46000,7,1,1,"1",,
"LAOET","856",26000,420,0,17000,32000,16000,46000,7,1,1,"1",,
"LAOTC","856",26000,420,0,17000,32000,16000,46000,7,1,1,"1",,
"LAOTL","856",26000,420,0,17000,32000,16000,46000,7,1,1,"1",,
"LBNFL","961",40000,650,0,15000,40000,25000,40000,2,1,1,"1",,
"LBNLC","961",40000,650,0,15000,40000,25000,40000,2,1,1,"1",,
"LCAK9","1758",110000,0,0,18000,148000,38000,148000,-4,0,0,"1",,
"LIEMK","423",48000,570,0,13000,120000,35000,80000,1,1,1,"1",,
"LKA71","94",58000,200,0,11000,130000,15000,140000,5.3,1,1,"1",,
"LKAAT","94",58000,200,0,11000,130000,15000,140000,5.3,1,1,"1",,
"LKACT","94",58000,200,0,11000,130000,15000,140000,5.3,1,1,"1",,
"LKADG","94",58000,200,0,11000,130000,15000,140000,5.3,1,1,"1",,
"LKAHT","94",58000,200,0,11000,130000,15000,140000,5.3,1,1,"1",,
"LTU03","370",95000,800,0,15000,168000,35000,150000,3,1,1,"1",,
"LTUMT","370",95000,800,0,15000,168000,35000,150000,3,1,1,"1",,
"LTUOM","370",95000,800,0,15000,168000,35000,150000,3,1,1,"1",,
"LUXPT","352",60000,650,0,12000,75000,25000,60000,2,1,1,"1",,
"LUXTG","352",60000,650,0,12000,75000,25000,60000,2,1,1,"1",,
"LVABC","371",60000,200,0,11000,120000,15000,110000,2,1,1,"1",,
"LVABT","371",60000,200,0,11000,120000,15000,110000,2,1,1,"1",,
"LVALM","371",60000,200,0,11000,120000,15000,110000,2,1,1,"1",,
"MACCT","853",48000,650,0,16000,60000,16000,48000,8,1,1,"1",,
"MACHT","853",48000,650,0,16000,60000,16000,48000,8,1,1,"1",,
"MACSM","853",48000,650,0,16000,60000,16000,48000,8,1,1,"1",,
"MARM1","212",115000,650,0,20000,240000,70000,200000,0,1,1,"1",,
"MCOK9","377",52000,0,0,16000,220000,25000,260000,1,1,1,"1",,
"MDAK9","373",45000,250,0,6000,148000,18000,170000,3,1,1,"1",,
"MDAMC","373",45000,250,0,6000,148000,18000,170000,3,1,1,"1",,
"MDGAN","261",65000,800,0,12000,130000,30000,120000,1,1,1,"1",,
"MDGCO","261",65000,800,0,12000,130000,30000,120000,1,1,1,"1",,
"MDGK9","261",65000,800,0,12000,130000,30000,120000,1,1,1,"1",,
"MDV01","960",56000,510,0,17000,95000,13000,120000,5,1,1,"1",,
"MDVWM","960",56000,510,0,17000,95000,13000,120000,5,1,1,"1",,
"MEXK9","52",91000,350,0,13000,116000,35000,98000,-5,1,1,"1",,
"MEXTL","52",91000,350,0,13000,116000,35000,98000,-5,1,1,"1",,
"MKDNO","389",95000,800,0,15000,168000,35000,150000,1,1,1,"1",,
"MLTGO","356",95000,500,0,15000,168000,35000,150000,1,1,1,"1",,
"MLTTL","356",95000,500,0,15000,168000,35000,150000,1,1,1,"1",,
"MMRPT","95",60000,60,0,12000,45000,25000,80000,6.5,1,1,"1",,
"MNEK8","382",95000,400,0,15000,168000,35000,150000,2,1,1,"1",,
"MNEK9","382",95000,400,0,15000,168000,35000,150000,2,1,1,"1",,
"MNEMT","382",95000,400,0,15000,168000,35000,150000,2,1,1,"1",,
"MNGMC","976",95000,800,0,15000,168000,35000,150000,8,1,1,"1",,
"MNGMN","976",95000,800,0,15000,168000,35000,150000,8,1,1,"1",,
"MOZ01","258",60000,340,0,10000,75000,25000,125000,2,1,1,"1",,
"MSRK9","1664",110000,0,0,18000,148000,38000,148000,-4,0,0,"1",,
"MUSCP","230",95000,650,0,16000,95000,25000,95000,4,1,1,"1",,
"MUSEM","230",95000,650,0,16000,95000,25000,95000,4,1,1,"1",,
"MWICT","265",105000,200,0,12000,120000,40000,120000,0,1,1,"1",,
"MYSBC","60",50000,470,0,16000,76000,15000,86000,8,1,1,"1",,
"MYSCC","60",50000,470,0,16000,76000,15000,86000,8,1,1,"1",,
"MYSMI","60",50000,470,0,16000,76000,15000,86000,8,1,1,"1",,
"MYSMT","60",50000,470,0,16000,76000,15000,86000,8,1,1,"1",,
"NAMK9","264",90000,0,0,12000,100000,23000,100000,0,0,0,"1",,
"NGAET","234",90000,500,0,14000,70000,20000,130000,1,1,1,"1",,
"NGAMN","234",90000,500,0,14000,70000,20000,130000,1,1,1,"1",,
"NICEN","505",95000,200,0,11000,155000,36000,235000,-6,1,1,"1",,
"NLDLT","31",58000,600,0,14000,99000,36000,70000,2,1,1,"1",,
"NLDPN","31",58000,600,0,14000,99000,36000,70000,2,1,1,"1",,
"NLDPT","31",58000,600,0,14000,99000,36000,70000,2,1,1,"1",,
"NORNC","47",27000,320,0,10000,58000,28000,40000,1,1,1,"1",,
"NORNN","47",27000,320,0,10000,58000,28000,40000,1,1,1,"1",,
"NORTM","47",27000,320,0,10000,58000,28000,40000,1,1,1,"1",,
"NPLM2","977",60000,400,0,9000,55000,22000,50000,5.45,1,1,"1",,
"NPLNM","977",60000,400,0,9000,55000,22000,50000,5.45,1,1,"1",,
"NZLBS","64",49000,500,0,12000,90000,21000,79000,12,1,1,"1",,
"NZLNH","64",49000,500,0,12000,90000,21000,79000,12,1,1,"1",,
"NZLTM","64",49000,500,0,12000,90000,21000,79000,12,1,1,"1",,
"OMNGT","968",102000,390,0,16000,139000,42000,135000,4,1,1,"1",,
"OMNNT","968",102000,390,0,16000,139000,42000,135000,4,1,1,"1",,
"PAKMK","92",55000,320,0,10000,39000,19000,42000,5,1,1,"1",,
"PAKPL","92",55000,320,0,10000,39000,19000,42000,5,1,1,"1",,
"PAKTP","92",55000,320,0,10000,39000,19000,42000,5,1,1,"1",,
"PAKUF","92",55000,320,0,10000,39000,19000,42000,5,1,1,"1",,
"PAKWA","92",55000,320,0,10000,39000,19000,42000,5,1,1,"1",,
"PANCL","507",82000,500,0,21000,130000,32000,120000,-5,1,1,"1",,
"PANCW","507",82000,500,0,21000,130000,32000,120000,-5,1,1,"1",,
"PANK9","507",82000,500,0,21000,130000,32000,120000,-5,1,1,"1",,
"PERTM","51",65000,400,0,12000,130000,30000,120000,-5,1,1,"1",,
"PHLDG","63",37000,510,0,12000,73000,12000,91000,8,1,1,"1",,
"PHLGT","63",37000,510,0,12000,73000,12000,91000,8,1,1,"1",,
"PHLSR","63",37000,510,0,12000,73000,12000,91000,8,1,1,"1",,
"PNGDP","675",95000,750,0,15000,168000,35000,150000,10,1,1,"1",,
"PNGK9","675",95000,750,0,15000,168000,35000,150000,10,1,1,"1",,
"PNGPM","675",95000,750,0,15000,168000,35000,150000,10,1,1,"1",,
"POL02","48",48000,600,0,9000,130000,35000,70000,2,1,1,"1",,
"POL03","48",48000,600,0,9000,130000,35000,70000,2,1,1,"1",,
"POLKM","48",48000,600,0,9000,130000,35000,70000,2,1,1,"1",,
"PRICL","1787",44000,330,0,12000,92000,46000,97000,-4,1,1,"1",,
"PRTOP","351",66000,460,0,15000,140000,29000,70000,0,1,1,"1",,
"PRTTL","351",66000,460,0,15000,140000,29000,70000,0,1,1,"1",,
"PRTTM","351",66000,460,0,15000,140000,29000,70000,0,1,1,"1",,
"PRYHT","595",85000,400,0,10000,120000,32000,120000,-4,1,1,"1",,
"PRYK9","595",85000,400,0,10000,120000,32000,120000,-4,1,1,"1",,
"QATB1","974",140000,590,0,18000,106000,43000,112000,3,1,1,"1",,
"QATQT","974",140000,590,0,18000,106000,43000,112000,3,1,1,"1",,
"REU02","262",60000,0,0,12000,75000,25000,60000,4,0,0,"1",,
"ROMCS","40",65000,400,0,12000,130000,30000,120000,3,1,1,"1",,
"ROMMF","40",65000,400,0,12000,130000,30000,120000,3,1,1,"1",,
"ROMMR","40",65000,400,0,12000,130000,30000,120000,3,1,1,"1",,
"RUS01","7",58000,650,0,13000,195000,38000,170000,8,1,1,"1",,
"RUS16","7",58000,650,0,13000,195000,38000,170000,8,1,1,"1",,
"RUS17","7",58000,650,0,13000,195000,38000,170000,8,1,1,"1",,
"RUSBD","7",58000,650,0,13000,195000,38000,170000,8,1,1,"1",,
"RUSKH","7",58000,650,0,13000,195000,38000,170000,8,1,1,"1",,
"RUSNW","7",58000,650,0,13000,195000,38000,170000,8,1,1,"1",,
"RUSSC","7",58000,650,0,13000,195000,38000,170000,8,1,1,"1",,
"RUSUT","7",58000,650,0,13000,195000,38000,170000,8,1,1,"1",,
"SAUAJ","966",62000,670,0,19000,132000,40000,120000,3,1,1,"1",,
"SAUET","966",62000,670,0,19000,132000,40000,120000,3,1,1,"1",,
"SAUZN","966",62000,670,0,19000,132000,40000,120000,3,1,1,"1",,
"SENK9","221",65000,0,0,18000,270000,80000,270000,0,0,0,"1",,
"SGPM1","65",45000,300,0,12000,60000,19000,62000,8,1,1,"1",,
"SGPSH","65",45000,300,0,12000,60000,19000,62000,8,1,1,"1",,
"SGPST","65",45000,300,0,12000,60000,19000,62000,8,1,1,"1",,
"SLVTP","503",90000,450,0,9000,115000,35000,115000,-6,1,1,"1",,
"SRBNO","381",55000,320,0,7000,250000,32000,250000,1,1,1,"1",,
"SURK9","597",58000,600,0,18000,80000,26000,80000,-3,1,1,"1",,
"SURUQ","597",58000,600,0,18000,80000,26000,80000,-3,1,1,"1",,
"SVKET","421",65000,450,0,12000,125000,24000,99000,1,1,1,"1",,
"SVKGT","421",65000,450,0,12000,125000,24000,99000,1,1,1,"1",,
"SVNMT","386",95000,800,0,15000,168000,35000,150000,2,1,1,"1",,
"SVNSM","386",95000,800,0,15000,168000,35000,150000,2,1,1,"1",,
"SWEEP","46",50000,250,0,15000,92000,34000,57000,2,1,1,"1",,
"SWEIQ","46",50000,250,0,15000,92000,34000,57000,2,1,1,"1",,
"SWETR","46",50000,250,0,15000,92000,34000,57000,2,1,1,"1",,
"TCAK9","1649",110000,0,0,18000,148000,38000,148000,-5,0,0,"1",,
"TCDCT","235",90000,470,0,14000,250000,42000,260000,0,1,1,"1",,
"TGOK9","228",65000,0,0,15000,38000,19000,125000,0,0,0,"1",,
"TKMBC","993",80000,0,0,14000,310000,39000,280000,5,0,0,"1",,
"TKMK8","993",80000,0,0,14000,310000,39000,280000,5,0,0,"1",,
"TLSTC","670",52000,200,0,29000,66000,29000,95000,7,1,1,"1",,
"TLSTL","670",52000,200,0,29000,66000,29000,95000,7,1,1,"1",,
"TONDP","676",95000,200,0,20000,240000,46000,200000,13,1,1,"1",,
"TTO12","1868",95000,330,0,17000,155000,35000,155000,-4,1,1,"1",,
"TUNK5","216",120000,280,0,30000,200000,105000,200000,1,1,1,"1",,
"TUNTT","216",120000,280,0,30000,200000,105000,200000,1,1,1,"1",,
"TURTC","90",78000,700,0,16000,149000,49000,140000,2,1,1,"1",,
"TURTK","90",80000,700,0,22000,175000,65000,350000,2,1,1,"1",,
"TURTS","90",78000,700,0,16000,149000,49000,140000,2,1,1,"1",,
"TWNFE","886",52000,380,0,12000,59000,22000,60000,8,1,1,"1",,
"TWNLD","886",52000,380,0,12000,59000,22000,60000,8,1,1,"1",,
"TWNPC","886",52000,380,0,12000,59000,22000,60000,8,1,1,"1",,
"TWNTA","886",52000,380,0,12000,59000,22000,60000,8,1,1,"1",,
"TZAK9","255",65000,0,0,12000,130000,30000,120000,3,1,1,"1",,
"TZAVC","255",65000,400,0,12000,130000,30000,120000,3,1,1,"1",,
"UGACE","256",60000,650,0,12000,95000,25000,110000,3,1,1,"1",,
"UGAMN","256",60000,650,0,12000,95000,25000,110000,3,1,1,"1",,
"UKRK9","380",75000,0,0,11000,240000,36000,220000,3,1,1,"1",,
"UKRKS","380",75000,500,0,11000,240000,36000,220000,3,1,1,"1",,
"UKRUM","380",75000,500,0,11000,240000,36000,220000,3,1,1,"1",,
"URYAM","598",95000,520,0,15000,168000,35000,150000,-3,1,1,"1",,
"USACB","1",44000,330,0,12000,92000,46000,97000,-6,1,1,"1",,
"USACG","1",44000,330,0,12000,92000,46000,97000,-6,1,1,"1",,
"USACI","1",44000,330,0,12000,92000,46000,97000,-6,1,1,"1",,
"USAK8","1",44000,0,0,12000,92000,46000,97000,-6,1,1,"1",,
"USAW6","1",44000,330,0,12000,92000,46000,97000,-6,1,1,"1",,
"UZB07","998",95000,430,0,20000,240000,20000,235000,5,1,1,"1",,
"UZBDU","998",95000,430,0,20000,240000,20000,235000,5,1,1,"1",,
"VCTK9","1784",110000,0,0,18000,148000,38000,148000,-4,0,0,"1",,
"VEND2","58",102000,580,0,14000,125000,35000,180000,-4.3,1,1,"1",,
"VGBK9","1284",110000,0,0,18000,148000,38000,148000,-4,0,0,"1",,
"VNMBL","84",55000,420,0,12000,71000,12000,71000,7,1,1,"1",,
"VNMMO","84",55000,420,0,12000,71000,12000,71000,7,1,1,"1",,
"VNMVI","84",55000,420,0,12000,71000,12000,71000,7,1,1,"1",,
"VNMVM","84",55000,420,0,12000,71000,12000,71000,7,1,1,"1",,
"VNMVT","84",55000,420,0,12000,71000,12000,71000,7,1,1,"1",,
"VUTDP","678",100000,350,0,17000,100000,25000,100000,11,1,1,"1",,
"YEMYY","967",45000,0,0,9000,60000,11000,235000,3,0,0,"1",,
"ZAFCC","27",55000,130,0,7000,35000,18000,40000,2,1,1,"1",,
"ZAFMN","27",55000,130,0,7000,35000,18000,40000,2,1,1,"1",,
"ZAFVC","27",55000,130,0,7000,35000,18000,40000,2,1,1,"1",,
"GHAGT","233",115000,260,0,12000,75000,25000,110000,0,1,1,"1",,
"GRCQT","30",65000,430,0,13000,89000,23000,62000,3,1,1,"1",,
"GUYUM","592",110000,0,0,16000,135000,35000,135000,0,0,0,"1",,
"HKGBM","852",34000,550,0,16000,71000,13000,77000,8,1,1,"1",,
"HKGNW","852",34000,550,0,16000,71000,13000,77000,8,1,1,"1",,
